Owner,Repository,Star,Contributor,Path
CoCreate-app,CoCreate-openebs,0,2,src/CODE_OF_CONDUCT.md
moody0006,ddd,0,1,_articles/code-of-conduct.md
jamesmgreene-learning-lab-test-org,oss-enterprise,0,7,responses/04-code-of-conduct.md
Moka-Rezq,www.opensource.guide,1,1,_articles/code-of-conduct.md
BryanLaura,Google-api-python-client,1,123,translations/ko-KR/content/github/building-a-strong-community/adding-a-code-of-conduct-to-your-project.md
BryanLaura,Google-api-python-client,1,123,translations/ru-RU/content/github/building-a-strong-community/adding-a-code-of-conduct-to-your-project.md
BryanLaura,Google-api-python-client,1,123,content/github/building-a-strong-community/adding-a-code-of-conduct-to-your-project.md
danielbarboni,cms_test,0,1,vendor/bundle/gems/devise-4.4.1/CODE_OF_CONDUCT.md
lalabear0014,human_1060208,0,0,vendor/bundle/ruby/2.4.0/gems/devise-4.2.0/CODE_OF_CONDUCT.md
lioncorpo,Docs.,0,1,translations/ru-RU/content/github/building-a-strong-community/adding-a-code-of-conduct-to-your-project.md
lioncorpo,Docs.,0,1,translations/ko-KR/content/github/building-a-strong-community/adding-a-code-of-conduct-to-your-project.md
salesforce,wire-service-jest-util,13,9,CODE_OF_CONDUCT.md
lioncorpo,Docs.,0,1,translations/ru-RU/content/communities/setting-up-your-project-for-healthy-contributions/adding-a-code-of-conduct-to-your-project.md
lioncorpo,Docs.,0,1,translations/ko-KR/content/communities/setting-up-your-project-for-healthy-contributions/adding-a-code-of-conduct-to-your-project.md
lioncorpo,Docs.,0,1,content/communities/setting-up-your-project-for-healthy-contributions/adding-a-code-of-conduct-to-your-project.md
wyfish,tensorflow_study,0,378,CODE_OF_CONDUCT.md
mike22664,messages,0,1,translations/ru-RU/content/github/building-a-strong-community/adding-a-code-of-conduct-to-your-project.md
mike22664,messages,0,1,translations/ko-KR/content/github/building-a-strong-community/adding-a-code-of-conduct-to-your-project.md
mike22664,messages,0,1,content/github/building-a-strong-community/adding-a-code-of-conduct-to-your-project.md
RobinDevRepos,Blockchain-server,0,36,CODE_OF_CONDUCT.md
hutte-io,example-project,1,1,CODE_OF_CONDUCT.md
laurel-he,symfony_project,0,1,vendor/symfony/symfony/.github/CODE_OF_CONDUCT.md
adafruit,Adafruit_VCNL4040,2,2,code-of-conduct.md
saeedbaloch,baharan,1,1,translations/ru-RU/content/github/building-a-strong-community/adding-a-code-of-conduct-to-your-project.md
saeedbaloch,baharan,1,1,translations/ko-KR/content/github/building-a-strong-community/adding-a-code-of-conduct-to-your-project.md
salesforceiq-oss,when-visible,0,3,CODE_OF_CONDUCT.md
saeedbaloch,baharan,1,1,translations/ru-RU/content/communities/setting-up-your-project-for-healthy-contributions/adding-a-code-of-conduct-to-your-project.md
saeedbaloch,baharan,1,1,translations/ko-KR/content/communities/setting-up-your-project-for-healthy-contributions/adding-a-code-of-conduct-to-your-project.md
saeedbaloch,baharan,1,1,content/communities/setting-up-your-project-for-healthy-contributions/adding-a-code-of-conduct-to-your-project.md
lioncorpo,documents,1,1,translations/ru-RU/content/github/building-a-strong-community/adding-a-code-of-conduct-to-your-project.md
lioncorpo,documents,1,1,translations/ko-KR/content/github/building-a-strong-community/adding-a-code-of-conduct-to-your-project.md
creativecommons,termination-of-transfer,13,9,CODE_OF_CONDUCT.md
forcedotcom,SFDX-Data-Move-Utility,172,3,CODE_OF_CONDUCT.md
Narayana123456,trailheadapps-ebikes-lwc,0,14,CODE_OF_CONDUCT.md
lioncorpo,documents,1,1,translations/ru-RU/content/communities/setting-up-your-project-for-healthy-contributions/adding-a-code-of-conduct-to-your-project.md
lioncorpo,documents,1,1,translations/ko-KR/content/communities/setting-up-your-project-for-healthy-contributions/adding-a-code-of-conduct-to-your-project.md
lioncorpo,documents,1,1,content/communities/setting-up-your-project-for-healthy-contributions/adding-a-code-of-conduct-to-your-project.md
adafruit,Adafruit_Python_Extended_Bus,11,3,CODE_OF_CONDUCT.md
FabricMC,community,8,18,CODE_OF_CONDUCT.md
quay,clair-jwt,7,12,code-of-conduct.md
jdschleicher,shift-left-dreamhouse-lwc,0,1,CODE_OF_CONDUCT.md
salesforce,generic-sidecar-injector,119,5,CODE_OF_CONDUCT.md
kingsd041,pandaria-vip,0,71,code-of-conduct.md
sahil-garg3,salesforcedx-vscode,0,50,CODE_OF_CONDUCT.md
lucasnevespereira,go-gituser,4,2,CODE_OF_CONDUCT.md
salesforce,refocus-bot-oncall,3,6,CODE_OF_CONDUCT.md
V-gaeta05,Hypernova,0,2,vendor/stripe/stripe-php/CODE_OF_CONDUCT.md
V-gaeta05,Hypernova,0,2,pagamentionline/vendor/stripe/stripe-php/CODE_OF_CONDUCT.md
pandeyankit83,PyTorch-BigGraph,3,10,CODE_OF_CONDUCT.md
jimangel,k8s-site-test,0,1,content/en/community/static/cncf-code-of-conduct.md
GaProgMan,ClacksMiddleware,6,2,Code-of-Conduct.md
JediAndromeda,webdev-base,0,1,wp-content/plugins/jetpack/CODE-OF-CONDUCT.md
nxgtw,coredns,0,109,CODE-OF-CONDUCT.md
salesforce,refocus-ldk,7,5,CODE_OF_CONDUCT.md
dart-archive,polymer_elements,25,6,lib/src/pouchdb/CODE_OF_CONDUCT.md
googleinterns,observability-agents-config-converter,0,2,docs/code-of-conduct.md
googleinterns,gpay-group-buy,2,4,docs/code-of-conduct.md
DevonOsh,de-ice,0,1,platforms/ios/www/bower_components/pouchdb/CODE_OF_CONDUCT.md
DevonOsh,de-ice,0,1,platforms/browser/www/bower_components/pouchdb/CODE_OF_CONDUCT.md
DevonOsh,de-ice,0,1,www/bower_components/pouchdb/CODE_OF_CONDUCT.md
eu-digital-green-certificates,dgca-verifier-service,8,7,CODE_OF_CONDUCT.md
arturhgq,Qutils,0,2,.github/CODE_OF_CONDUCT.md
Alaburda,statistician,0,1,.github/CODE_OF_CONDUCT.md
pinglamb,slowssz,0,1,CODE_OF_CONDUCT.md
OctopusDeploy,JavaPropertiesParser,0,3,CODE_OF_CONDUCT.md
sdtrdev,source-pocket,42,29,CODE_OF_CONDUCT.md
kamranayub,remark-typedoc-symbol-links,0,2,CODE_OF_CONDUCT.md
dimenics,owin,0,1,CODE_OF_CONDUCT.md
gg-scm,gg,45,3,CODE_OF_CONDUCT.md
rickschmoo,hackathon-ebikes-a11y,0,15,CODE_OF_CONDUCT.md
TalariaSoftware,talariasoftware.github.io,0,1,_posts/2020-09-15-adopt_a_code_of_conduct.md
Gerar01,PaginaWeb,0,1,googleapi/vendor/google/auth/CODE_OF_CONDUCT.md
Gerar01,PaginaWeb,0,1,googleapi/CODE_OF_CONDUCT.md
sergiuchioreandev,sertanframework,0,1,vendor/league/commonmark/CODE_OF_CONDUCT.md
farrossiregar,cms-shierproject,0,1,vendor/league/commonmark/CODE_OF_CONDUCT.md
farrossiregar,cms-shierproject,0,1,vendor_old/league/commonmark/CODE_OF_CONDUCT.md
LynneKinyua,forum-2,0,1,vendor/league/commonmark/CODE_OF_CONDUCT.md
mohitoci,bigtable-client,0,35,CODE_OF_CONDUCT.md
aeon-ns,myVaultApp,0,1,www/lib/ng-cordova/CODE_OF_CONDUCT.md
thedarkprincedc,omcontentsubmission,0,1,app/libs/ui-bootstrap/CODE_OF_CONDUCT.md
pobsaeng,Angular,0,1,Angular Popular/ng-bootstrap/CODE_OF_CONDUCT.md
Ronhub88,solidarity-document,1,1,_articles/code-of-conduct.md
changchai,---octo--barnacle,1,1,translations/ko-KR/content/github/building-a-strong-community/adding-a-code-of-conduct-to-your-project.md
changchai,---octo--barnacle,1,1,translations/ru-RU/content/github/building-a-strong-community/adding-a-code-of-conduct-to-your-project.md
changchai,---octo--barnacle,1,1,content/github/building-a-strong-community/adding-a-code-of-conduct-to-your-project.md
summac0,bookreview,0,1,vendor/cache/gems/devise-3.5.3/CODE_OF_CONDUCT.md
creativecommons,scholars-addenda,2,3,CODE_OF_CONDUCT.md
forcedotcom,SalesforceMobileSDK-UITests,3,3,CODE_OF_CONDUCT.md
future-daydayup,habor,0,111,code-of-conduct.md
pharsem,aws-chat-react,0,4,CODE_OF_CONDUCT.md
aws-robotics,cloudwatch-common,3,18,CODE_OF_CONDUCT.md
BryanLaura,Google-api-python-client,1,123,translations/de-DE/content/github/building-a-strong-community/adding-a-code-of-conduct-to-your-project.md
aerospike-community,vault-plugin-database-aerospike,19,3,CODE_OF_CONDUCT.md
mauilion,wardroom-nc,3,0,CODE-OF-CONDUCT.md
BhavinDhamecha,LapStore,0,0,vendor/bundle/gems/devise-4.4.3/CODE_OF_CONDUCT.md
AI-Vector-Accelerator,tensorflow,0,399,CODE_OF_CONDUCT.md
spacetelescope,nircam_jdox,0,2,CODE_OF_CONDUCT.md
binou95diallo,wari,0,2,MoneyTransfert/vendor/pagerfanta/pagerfanta/code_of_conduct.md
Rusino,skia,1,183,modules/canvaskit/canvaskit/CODE_OF_CONDUCT.md
Rusino,skia,1,183,modules/pathkit/npm-asmjs/CODE_OF_CONDUCT.md
Rusino,skia,1,183,modules/pathkit/npm-wasm/CODE_OF_CONDUCT.md
lioncorpo,Docs.,0,1,translations/de-DE/content/communities/setting-up-your-project-for-healthy-contributions/adding-a-code-of-conduct-to-your-project.md
whchoi98,K8s,1,1,content/it/community/static/cncf-code-of-conduct.md
whchoi98,K8s,1,1,content/zh/community/static/cncf-code-of-conduct.md
whchoi98,K8s,1,1,content/en/community/static/cncf-code-of-conduct.md
depocoder,jekyll,1,391,docs/_docs/code_of_conduct.md
whchoi98,K8s,1,1,content/zh/community/code-of-conduct.md
logzio,logz-docs,10,28,CODE_OF_CONDUCT.md
sollo11,CS3113,0,11,translations/ko-KR/content/github/building-a-strong-community/adding-a-code-of-conduct-to-your-project.md
sollo11,CS3113,0,11,translations/ru-RU/content/github/building-a-strong-community/adding-a-code-of-conduct-to-your-project.md
sollo11,CS3113,0,11,content/github/building-a-strong-community/adding-a-code-of-conduct-to-your-project.md
coracobra,psychic-bassoon,0,1,translations/ru-RU/content/github/building-a-strong-community/adding-a-code-of-conduct-to-your-project.md
coracobra,psychic-bassoon,0,1,translations/ko-KR/content/github/building-a-strong-community/adding-a-code-of-conduct-to-your-project.md
coracobra,psychic-bassoon,0,1,content/github/building-a-strong-community/adding-a-code-of-conduct-to-your-project.md
johnpapa,swa-workshop,11,2,CODE_OF_CONDUCT.md
xXDarkGhostXx,Microsof-Terminal,0,97,CODE_OF_CONDUCT.md
degranda,pwa-polymer,0,0,public/bower_components/pouchdb/CODE_OF_CONDUCT.md
creativecommons,certificates-themes-plugins,0,2,CODE_OF_CONDUCT.md
Schmallet,psychic-spork,0,1,translations/ko-KR/content/github/building-a-strong-community/adding-a-code-of-conduct-to-your-project.md
Schmallet,psychic-spork,0,1,translations/ru-RU/content/github/building-a-strong-community/adding-a-code-of-conduct-to-your-project.md
Schmallet,psychic-spork,0,1,content/github/building-a-strong-community/adding-a-code-of-conduct-to-your-project.md
forcedotcom,npm-release-management-orb,0,8,CODE_OF_CONDUCT.md
lioncorpo,Docs.,0,1,translations/de-DE/content/github/building-a-strong-community/adding-a-code-of-conduct-to-your-project.md
jkim1014,tfx-async,0,61,CODE_OF_CONDUCT.md
mamepon2580,twitterLike,0,0,vendor/bundle/ruby/2.5.0/gems/devise-4.5.0/CODE_OF_CONDUCT.md
openziti,dilithium,2,2,CODE_OF_CONDUCT.md
Krishnan97,new_success_repo,0,12,CODE_OF_CONDUCT.md
jnssterrass,barfibclock,9,2,barfibclock_arduino/libraries/RTClib/code-of-conduct.md
xanthis143,lwc2,0,21,CODE_OF_CONDUCT.md
romanoednalan16,gp-form,0,2,vendor/phpunit/phpunit/CODE_OF_CONDUCT.md
willybrand1,prova,0,1,vendor/phpunit/phpunit/.github/CODE_OF_CONDUCT.md
baselrabia,laravel-forum-laracast,0,1,vendor/phpunit/phpunit/.github/CODE_OF_CONDUCT.md
sergiuchioreandev,sertanframework,0,1,vendor/phpunit/phpunit/.github/CODE_OF_CONDUCT.md
melissa-l,electron_api,0,1,CODE_OF_CONDUCT.md
farrossiregar,cms-shierproject,0,1,vendor/phpunit/phpunit/.github/CODE_OF_CONDUCT.md
farrossiregar,cms-shierproject,0,1,vendor_old/phpunit/phpunit/.github/CODE_OF_CONDUCT.md
LynneKinyua,forum-2,0,1,vendor/phpunit/phpunit/.github/CODE_OF_CONDUCT.md
Rahbod,masjed,0,2,private_html/vendor/phpunit/phpunit/.github/CODE_OF_CONDUCT.md
zombiesplat,cerebrum,0,1,web/code/vendor/phpunit/phpunit/.github/CODE_OF_CONDUCT.md
fadelpamungkas,TripAssistant,0,2,vendor/phpunit/phpunit/.github/CODE_OF_CONDUCT.md
rodrigueziba,filmcomtdf,0,1,vendor/phpunit/phpunit/.github/CODE_OF_CONDUCT.md
planetchili,manserv,1,1,vendor/phpunit/phpunit/.github/CODE_OF_CONDUCT.md
yuhuangc,pin-che,0,1,vendor/phpunit/phpunit/.github/CODE_OF_CONDUCT.md
seanbai,yii2-iark,0,1,vendor/phpunit/phpunit/.github/CODE_OF_CONDUCT.md
pratikjagrut,office_automation,0,2,vendor/phpunit/phpunit/.github/CODE_OF_CONDUCT.md
lizankhan,wedding-service-portal1,0,1,vendor/phpunit/phpunit/.github/CODE_OF_CONDUCT.md
pointsopittha,be,0,1,vendor/phpunit/phpunit/.github/CODE_OF_CONDUCT.md
dmb-220,1-1.lt_old,0,1,vendor/phpunit/phpunit/.github/CODE_OF_CONDUCT.md
Applied,test_git,0,1,vendor/phpunit/phpunit/CODE_OF_CONDUCT.md
lucaslamm7,laravelquasecerto,0,2,vendor/phpunit/phpunit/.github/CODE_OF_CONDUCT.md
iagoid,Mensagens,0,1,vendor/phpunit/phpunit/.github/CODE_OF_CONDUCT.md
Mahdi-Mousawi,laravel-blog,6,1,vendor/phpunit/phpunit/.github/CODE_OF_CONDUCT.md
IntroToLaravel53,WS1,0,1,vendor/phpunit/phpunit/CODE_OF_CONDUCT.md
OliverCaiJia,jtapi,0,0,vendor/phpunit/phpunit/.github/CODE_OF_CONDUCT.md
php-opencloud,openstack,183,34,CODE_OF_CONDUCT.md
HectorCeja,mexicanEagle,0,5,vendor/phpunit/phpunit/.github/CODE_OF_CONDUCT.md
kaungchitthet,Techno-Lima-Yii,0,2,Techno-Lima-Yii/Techno-Lima-Yii/vendor/phpunit/phpunit/.github/CODE_OF_CONDUCT.md
joelm69,cat,0,1,vendor/phpunit/phpunit/.github/CODE_OF_CONDUCT.md
cangelozzi,vuebnb,0,1,vendor/phpunit/phpunit/.github/CODE_OF_CONDUCT.md
ShokhsanamShirinkulova,IUTLIB_,0,1,vendor/phpunit/phpunit/.github/CODE_OF_CONDUCT.md
xinzhiyun,pub_naide,0,1,ThinkPHP/Library/Org/Util/Aliyun/vendor/phpunit/phpunit/CODE_OF_CONDUCT.md
Ams58,testtensory,0,367,CODE_OF_CONDUCT.md
vizhudugal,deverpapp,0,1,app/bower_components/pouchdb/CODE_OF_CONDUCT.md
Vijay-Yosi,biostack,14,2,discover/provis/CODE_OF_CONDUCT.md
mike22664,messages,0,1,translations/de-DE/content/github/building-a-strong-community/adding-a-code-of-conduct-to-your-project.md
salesforce,remark-lint-no-empty-image-alt-text,0,1,CODE_OF_CONDUCT.md
salesforce,k2v8,2,5,CODE_OF_CONDUCT.md
ekunoff,Food-Bank-Implementation,0,1,.cci/projects/pmm/d12bef07712614fc6efe665cc13a2f069ba297ed/CODE_OF_CONDUCT.md
trailheadapps,lwc-recipes-oss,176,12,CODE_OF_CONDUCT.md
matsumotonaohumi,PetsHuggy,0,0,vendor/bundle/gems/devise-4.2.0/CODE_OF_CONDUCT.md
thestub,clubhouse-code-of-conduct,0,2,code-of-conduct.md
rickyzhang82,asuswrt-official,0,1,release/src/router/APP-IPK/DM-ipk/libcurl/docs/CODE_OF_CONDUCT.md
Moumita51,Blog-Internship-project,0,1,blog/vendor/league/flysystem/CODE_OF_CONDUCT.md
originalkamaal,ReactBoilerplate,0,1,CODE_OF_CONDUCT.md
ZC-TigerRoot,github-stats,0,1,CODE_OF_CONDUCT.md
ARKAR-PHYO,gtg-cafe-api,0,1,vendor/league/flysystem/CODE_OF_CONDUCT.md
Opiskull,cf-post-it,0,1,CODE_OF_CONDUCT.md
bagusjackal,pertemuan7,0,1,vendor/league/flysystem/CODE_OF_CONDUCT.md
JohnTitor,lawliet,4,1,CODE_OF_CONDUCT.md
quangmanucians,be2,0,1,vendor/league/flysystem/CODE_OF_CONDUCT.md
jeffeeeee,TeknologiaManager,0,1,CODE_OF_CONDUCT.md
stackbit-projects,violet-owl-d6803,0,1,.github/CODE_OF_CONDUCT.md
newlinew-interactive-tw,ng-whiteboard-nl,0,5,CODE_OF_CONDUCT.md
idanami,cinema-project,0,1,vendor/league/flysystem/CODE_OF_CONDUCT.md
AlexRogalskiy,electron-datastore,0,0,CODE_OF_CONDUCT.md
mario-bermonti,stimpool,0,2,CODE_OF_CONDUCT.md
MasterSteelblade,Waterfall,9,5,CODE_OF_CONDUCT.md
webDevBox,onlineShop,0,1,vendor/league/flysystem/CODE_OF_CONDUCT.md
AbdulrahmanKab,carear_control_panel,0,1,public/assets/vendors/general/animate.css/CODE_OF_CONDUCT.md
1chiSensei,largest-package,2,3,CODE_OF_CONDUCT.md
jonmwood,virtual-event-starter-kit,0,1,CODE_OF_CONDUCT.md
fachriansyahmni,mirror-waron,0,3,vendor/league/flysystem/CODE_OF_CONDUCT.md
kshitizsaini113,testDocker,1,1,docs/CODE_OF_CONDUCT.md
rafaelkpedroso,hero99-vem2021,0,0,vem2021/public/source-files/swiper/CODE_OF_CONDUCT.md
rafaelkpedroso,hero99-vem2021,0,0,vem2021/public/source-files/bootstrap/CODE_OF_CONDUCT.md
AllySike,ft_server,0,0,srcs/phpMyAdmin/vendor/phpmyadmin/sql-parser/CODE_OF_CONDUCT.md
atika1004,LatihanLaravel,0,1,vendor/league/flysystem/CODE_OF_CONDUCT.md
aryaaditiyaa,paw-tugas-uts,0,2,public/vendor/bootstrap/CODE_OF_CONDUCT.md
andris9,mailauth,32,2,.github/CODE_OF_CONDUCT.md
Team-Rosalind,team-rosalind-project,19,27,CODE_OF_CONDUCT.md
gabgustavo,wp-theme-cooking-courses,0,1,CMB2/CODE_OF_CONDUCT.md
Contrast-Security-OSS,workshop,1,3,presentation/reveal-hugo/themes/reveal-hugo/CODE_OF_CONDUCT.md
cotangent-software,dataflow-core,0,1,CODE_OF_CONDUCT.md
gustantosyaputra,flutter-planner-app,0,1,CODE_OF_CONDUCT.md
ZZR8066,mmdetection-GaofenCompetition,0,1,.github/CODE_OF_CONDUCT.md
monsterxcn,HEU-Checkin-COVID-19,20,6,CODE_OF_CONDUCT.md
jeffalder,nr.yml,0,1,CODE_OF_CONDUCT.md
metwork-framework,acquisition,1,3,CODE_OF_CONDUCT.md
lulukika,belajar,0,1,bootstrap/CODE_OF_CONDUCT.md
shubham1710,Youtube-downloader,13,2,CODE_OF_CONDUCT.md
anabeatrizzz,monaca-app-quatro,0,2,www/components/bootstrap/CODE_OF_CONDUCT.md
rakibhosen,blog-using-laravel-and-vue-js,0,1,vendor/league/flysystem/CODE_OF_CONDUCT.md
thanatath,Place-reservation-system-Backend,0,1,CODE_OF_CONDUCT.md
pk-95,ZodiacKiller,0,2,CODE_OF_CONDUCT.md
Arunscape,jokeapi,0,1,CODE_OF_CONDUCT.md
k6io,awesome-k6,99,9,code_of_conduct.md
tig3r66,CMPUT275,1,2,CODE_OF_CONDUCT.md
developertown,oidc-provider,2,2,CODE_OF_CONDUCT.md
emrass-archive,en-ri-com-gatsby,0,1,CODE_OF_CONDUCT.md
ringbahn,iou,271,6,CODE_OF_CONDUCT.md
elvissukanovic,Shorty,0,1,CODE_OF_CONDUCT.md
n3wscott,sources,1,2,code-of-conduct.md
n3wscott,sources,1,2,vendor/knative.dev/pkg/code-of-conduct.md
wttech,cogboard,15,31,CODE_OF_CONDUCT.md
SimonCropp,PackageUpdate,8,5,code_of_conduct.md
vineet-github,OTPBoxView,0,1,CODE_OF_CONDUCT.md
djseagle,WebStorm,0,1,bootstrap/CODE_OF_CONDUCT.md
LayerizeJS,layerize,0,1,CODE_OF_CONDUCT.md
ChustaSoft,CommonNET,3,2,CODE_OF_CONDUCT.md
SimonCropp,CountryData,38,6,code_of_conduct.md
luizcartolano2,mc504-operational-systems,0,1,CODE_OF_CONDUCT.md
hit-moodle,moodle-local_onlinejudge,103,6,CODE_OF_CONDUCT.md
danielleboudreau6,ContosoU2018,0,0,ContosoU2018/wwwroot/lib/bootstrap/CODE_OF_CONDUCT.md
danielleboudreau6,ContosoU2018,0,0,ContosoU2018/bower_components/bootstrap/CODE_OF_CONDUCT.md
jamesjacobs,lokijstest,0,1,www/lib/pouchdb/CODE_OF_CONDUCT.md
VentureEquityExchange,hack-ether-camp,4,1,angular-app/bower_components/pouchdb/CODE_OF_CONDUCT.md
salesforce,pomgen,12,5,CODE_OF_CONDUCT.md
salesforce,dockerfile-image-update,98,12,CODE_OF_CONDUCT.md
love4c14,-,0,2,_articles/code-of-conduct.md
bitcoinzero,bitcoinzero,1,1,code_of_conduct.md
bin1316,tensorflow,0,364,CODE_OF_CONDUCT.md
spacetelescope,ins-jwst-community-software,2,2,tier2_standards/code_of_conduct.md
FredHappyface,.github,0,1,CODE_OF_CONDUCT.md
i-date,miniblog,0,1,vendor/bundle/ruby/2.5.0/gems/devise-4.5.0/CODE_OF_CONDUCT.md
flannerychristopher,lynnfarmerdrums,0,0,vendor/bundle/ruby/2.5.0/gems/devise-4.4.3/CODE_OF_CONDUCT.md
HumbleBustler,CircuitVerse_refactored,0,1,code-of-conduct.md
idriyslowe,ty-dreamhost,0,1,home/idriysthekiller/tyrellcannon.com/.bundle/ruby/2.1.0/gems/devise-4.2.0/CODE_OF_CONDUCT.md
sebvaldez,sebastian-valdez-site,0,1,vendor/bundle/gems/devise-4.3.0/CODE_OF_CONDUCT.md
chanmya13C,new-,0,1,_articles/code-of-conduct.md
lioncorpo,library,1,1,translations/ru-RU/content/github/building-a-strong-community/adding-a-code-of-conduct-to-your-project.md
lioncorpo,library,1,1,translations/ko-KR/content/github/building-a-strong-community/adding-a-code-of-conduct-to-your-project.md
AdamLiechty,lwc-recipes,0,22,CODE_OF_CONDUCT.md
bitnami,bitnami-docker-jupyterhub,0,3,CODE_OF_CONDUCT.md
kubernetes,contributor-site,19,23,content/en/community/code-of-conduct.md
at-nhutvo,example_app_rails,0,0,vendor/bundle/ruby/2.2.0/gems/devise-3.5.3/CODE_OF_CONDUCT.md
gnuradio,gnuradio-ngsched,1,253,CODE_OF_CONDUCT.md
artbees,probability,0,163,CODE_OF_CONDUCT.md
gsool,PowerShell,0,254,CODE_OF_CONDUCT.md
RameshEY,website,0,370,content/en/community/static/cncf-code-of-conduct.md
RameshEY,website,0,370,content/it/community/static/cncf-code-of-conduct.md
MRAC-IAAC,Air-Quality-3D-Mapper,0,1,Arduino/Sensor Libraries/DHT_sensor_library/code-of-conduct.md
fritzkeyzer,WA-RemotePump,0,1,Arduino/libraries/RTClib/code-of-conduct.md
saeedbaloch,baharan,1,1,translations/de-DE/content/communities/setting-up-your-project-for-healthy-contributions/adding-a-code-of-conduct-to-your-project.md
electron,electron,91941,378,CODE_OF_CONDUCT.md
jarlabsh,shoppingCart,0,6,CODE_OF_CONDUCT.md
abdullahalemon2,decrypt,0,17,translations/zh/CODE_OF_CONDUCT.md
salesforce,craft,87,5,CODE_OF_CONDUCT.md
lioncorpo,library,1,1,translations/ru-RU/content/communities/setting-up-your-project-for-healthy-contributions/adding-a-code-of-conduct-to-your-project.md
lioncorpo,library,1,1,translations/ko-KR/content/communities/setting-up-your-project-for-healthy-contributions/adding-a-code-of-conduct-to-your-project.md
lioncorpo,library,1,1,content/communities/setting-up-your-project-for-healthy-contributions/adding-a-code-of-conduct-to-your-project.md
whchoi98,K8s,1,1,content/en/community/code-of-conduct.md
uniradar,gnuradio-uniradar,1,1,CODE_OF_CONDUCT.md
uniradar,gnuradio-uniradar,1,1,volk/CODE_OF_CONDUCT.md
rimrimrim,airhomework,0,0,vendor/bundle/ruby/2.4.0/gems/devise-4.3.0/CODE_OF_CONDUCT.md
rimrimrim,airhomework,0,0,vendor/bundle/gems/devise-4.3.0/CODE_OF_CONDUCT.md
vsinghal85,portfolio_app,0,1,vendor/bundle/ruby/2.3.0/gems/devise-4.3.0/CODE_OF_CONDUCT.md
vsinghal85,portfolio_app,0,1,vendor/cache/ruby/2.3.0/gems/devise-4.3.0/CODE_OF_CONDUCT.md
apple,swiftpm-on-llbuild2,34,1,CODE_OF_CONDUCT.md
lukmangrd,redesigned-enigma,0,1,translations/ru-RU/content/github/building-a-strong-community/adding-a-code-of-conduct-to-your-project.md
lukmangrd,redesigned-enigma,0,1,translations/ko-KR/content/github/building-a-strong-community/adding-a-code-of-conduct-to-your-project.md
lukmangrd,redesigned-enigma,0,1,content/github/building-a-strong-community/adding-a-code-of-conduct-to-your-project.md
nourhene15,pi,0,1,Lite/vendor/symfony/symfony/.github/CODE_OF_CONDUCT.md
interserver,mailbaby-mail-api,0,1,public/elements/CODE_OF_CONDUCT.md
OpenHumans,coc-documents,0,2,CODE-OF-CONDUCT.md
Inryeong,IITP_VR_BeltTest_France,0,1,JIR_BeltTest/Assets/VRTK-3.3.0/.github/CODE_OF_CONDUCT.md
geedash,g-github-notebook,1,1,translations/ru-RU/content/github/building-a-strong-community/adding-a-code-of-conduct-to-your-project.md
geedash,g-github-notebook,1,1,translations/ko-KR/content/github/building-a-strong-community/adding-a-code-of-conduct-to-your-project.md
geedash,g-github-notebook,1,1,content/github/building-a-strong-community/adding-a-code-of-conduct-to-your-project.md
waynodiablo,Oystercard,0,181,code_of_conduct_guide.md
EricMuller,webmarks-rest-api,0,1,requirements/twisted/Twisted-17.1.0/code_of_conduct.md
bunnyshell,netdata,0,271,CODE_OF_CONDUCT.md
SFDC-Assets,contact-tracing-explorer,0,1,CODE_OF_CONDUCT.md
ivantcholakov,starter-public-edition-5,4,1,platform/vendor/salesforce/handlebars-php/CODE_OF_CONDUCT.md
coracobra,pop,0,1,translations/ko-KR/content/github/building-a-strong-community/adding-a-code-of-conduct-to-your-project.md
coracobra,pop,0,1,translations/ru-RU/content/github/building-a-strong-community/adding-a-code-of-conduct-to-your-project.md
coracobra,pop,0,1,content/github/building-a-strong-community/adding-a-code-of-conduct-to-your-project.md
sendgrid,nodemailer-sendgrid-transport,112,16,CODE_OF_CONDUCT.md
forcedotcom,.github,1,2,CODE_OF_CONDUCT.md
actually-colab,editor,4,3,CODE_OF_CONDUCT.md
eolalex,eol_bibalex_website,0,5,vendor/bundle/ruby/2.4.0/gems/devise-4.4.3/CODE_OF_CONDUCT.md
eubanksanator,online_portfolio,0,1,.rvm/ruby/2.2.0/gems/devise-3.5.3/CODE_OF_CONDUCT.md
saeedbaloch,baharan,1,1,translations/de-DE/content/github/building-a-strong-community/adding-a-code-of-conduct-to-your-project.md
TimmyRB,SydneyBot,2,2,CODE_OF_CONDUCT.md
PowerShell,PowerShell,26180,363,CODE_OF_CONDUCT.md
CrowdStrike,community,3,4,docs/pages/code-of-conduct.md
Uwdieyn-Network-Team,Program-Digital-Platform-e-Usahawan,0,1,translations/ru-RU/content/github/building-a-strong-community/adding-a-code-of-conduct-to-your-project.md
Uwdieyn-Network-Team,Program-Digital-Platform-e-Usahawan,0,1,translations/ko-KR/content/github/building-a-strong-community/adding-a-code-of-conduct-to-your-project.md
Uwdieyn-Network-Team,Program-Digital-Platform-e-Usahawan,0,1,content/github/building-a-strong-community/adding-a-code-of-conduct-to-your-project.md
Warps73,grav-faq,0,1,CODE_OF_CONDUCT.md
Nicocco,clic-schematics,3,1,.github/CODE_OF_CONDUCT.md
trailheadapps,dreaminvest-lwc,39,8,CODE_OF_CONDUCT.md
lioncorpo,documents,1,1,translations/de-DE/content/communities/setting-up-your-project-for-healthy-contributions/adding-a-code-of-conduct-to-your-project.md
jasontest1234,skywalking,0,222,CODE_OF_CONDUCT.md
fadishami,visualforce-to-lwc,2,12,CODE_OF_CONDUCT.md
sultandxb,cautious-parakeet,0,1,_articles/code-of-conduct.md
yveslym,chores-server,0,2,vendor/cache/ruby/2.5.0/gems/devise-4.4.1/CODE_OF_CONDUCT.md
Rsoon,Rsoontwitterhouse,0,1,vendor/bundle/gems/devise-4.0.1/CODE_OF_CONDUCT.md
sourcecred,docs,9,21,docs/contributing/CODE_OF_CONDUCT.md
mgckind,des_ncsa,0,5,static/bower_components/pouchdb/CODE_OF_CONDUCT.md
ITNoesis,superset,0,435,CODE_OF_CONDUCT.md
vinaysundar550gmaill,vinay,0,1,translations/ru-RU/content/github/building-a-strong-community/adding-a-code-of-conduct-to-your-project.md
vinaysundar550gmaill,vinay,0,1,translations/ko-KR/content/github/building-a-strong-community/adding-a-code-of-conduct-to-your-project.md
creativecommons,cc.api,2,4,CODE_OF_CONDUCT.md
kumardev77,ecommercePracticeCode,0,1,sfcc-sample-apps/CODE_OF_CONDUCT.md
rcdd,PluginScrollShadow,0,0,CODE_OF_CONDUCT.md
roland-valdez,101-exercises,0,1,CODE_OF_CONDUCT.md
CRiva,CRiva.github.io,0,2,CODE_OF_CONDUCT.md
gazza2577,arduino,0,1,libraries/DHT_sensor_library/code-of-conduct.md
ahmedreza80,dd,0,2,vendor/bundle/ruby/2.3.0/gems/devise-4.4.3/CODE_OF_CONDUCT.md
ahmedreza80,dd,0,2,vendor/bundle/ruby/2.5.0/gems/devise-4.4.3/CODE_OF_CONDUCT.md
gazza2577,arduino,0,1,libraries/DHT_sensor_library/code-of-conduct.md
Susansays,MS_Terminal,0,34,CODE_OF_CONDUCT.md
kumardev77,ecommercePracticeCode,0,1,sfcc-sample-apps/CODE_OF_CONDUCT.md
ccaseau,quizApp,0,1,www/lib/pouchdb/CODE_OF_CONDUCT.md
creativecommons,cc-licenses-data,2,19,CODE_OF_CONDUCT.md
forcedotcom,oss-template,1,0,CODE_OF_CONDUCT.md
jinlii,lwc-recipes,0,6,CODE_OF_CONDUCT.md
forcedotcom,sf-fx-runtime-java,2,2,CODE_OF_CONDUCT.md
Slimefun-Addon-Community,Community-Center,1,2,CODE_OF_CONDUCT.md
smurgai2016,kuberneteswebsite,0,374,content/it/community/static/cncf-code-of-conduct.md
smurgai2016,kuberneteswebsite,0,374,content/en/community/static/cncf-code-of-conduct.md
sidrodev,kelly-plus-kelly,0,1,CODE_OF_CONDUCT.md
kanwalnainsingh,OpenDesk,39,16,code-of-conduct.md
Semicolon2020,pioneers,0,4,PioneersWeb/vendor/symfony/symfony/.github/CODE_OF_CONDUCT.md
Uv-Grade,northamericanlimousine.com,0,1,bower_components/chai/CODE_OF_CONDUCT.md
Kurubushisox,Recipe_App,0,0,vendor/bundle/ruby/2.3.0/gems/devise-4.4.3/CODE_OF_CONDUCT.md
neuralgeeks,fun.framework,0,1,CODE_OF_CONDUCT.md
Raku,problem-solving,60,11,solutions/meta/code_of_conduct.md
igoradamenko,the-best-package,7,1,CODE_OF_CONDUCT.md
vinaysundar550gmaill,vinay,0,1,translations/ru-RU/content/communities/setting-up-your-project-for-healthy-contributions/adding-a-code-of-conduct-to-your-project.md
vinaysundar550gmaill,vinay,0,1,translations/ko-KR/content/communities/setting-up-your-project-for-healthy-contributions/adding-a-code-of-conduct-to-your-project.md
vinaysundar550gmaill,vinay,0,1,content/communities/setting-up-your-project-for-healthy-contributions/adding-a-code-of-conduct-to-your-project.md
spacetelescope,braindump,1,7,CODE_OF_CONDUCT.md
forcedotcom,SalesforceMobileSDK-Benchmarks,0,1,CODE_OF_CONDUCT.md
lioncorpo,documents,1,1,translations/de-DE/content/github/building-a-strong-community/adding-a-code-of-conduct-to-your-project.md
devnw,atomizer-test-console,0,3,.github/CODE_OF_CONDUCT.md
Secure-Compliance-Solutions-LLC,GVM-Docker,121,14,CODE_OF_CONDUCT.md
GaryNLOL,Supple-Crystal,0,1,docs/CODE_OF_CONDUCT.md
maryamzain123,topmovies,0,1,CODE_OF_CONDUCT.md
readmeio,har-examples,0,2,CODE_OF_CONDUCT.md
osdevisnot,sorvor,62,1,CODE_OF_CONDUCT.md
cosmos,v1.cosmos.network,7,6,CODE_OF_CONDUCT.md
tomaspietravallo,sparkar-fdccc2020,18,1,code-of-conduct.md
erdaltsksn,blank,4,1,.github/CODE_OF_CONDUCT.md
opentok,accelerator-screen-sharing-js,14,11,CODE_OF_CONDUCT.md
orlowdev,priestine-grace,1,0,CODE_OF_CONDUCT.md
mizuno61,Railscamp_blog_take2,0,1,vendor/bundle/gems/devise-4.5.0/CODE_OF_CONDUCT.md
RonSeekers,skywalking,0,216,CODE_OF_CONDUCT.md
moriwuzhe,skywalking,0,136,CODE_OF_CONDUCT.md
apple,HomeKitADK,2135,16,CODE_OF_CONDUCT.md
Herz8,BalconyWayofLife,1,1,.pio/libdeps/uno/RTClib/code-of-conduct.md
cryptic-network,cryptic,0,1,external/rocksdb/CODE_OF_CONDUCT.md
nicholashu,wedding,0,1,CODE_OF_CONDUCT.md
uwxpro,Sato,0,1,external/rocksdb/CODE_OF_CONDUCT.md
serverlessworkflow,synapse,7,2,code-of-conduct.md
micro-manager,micro-manager,136,18,CodeOfConduct.md
BryanLaura,Google-api-python-client,1,123,translations/zh-CN/content/github/building-a-strong-community/adding-a-code-of-conduct-to-your-project.md
BryanLaura,Google-api-python-client,1,123,translations/ja-JP/content/github/building-a-strong-community/adding-a-code-of-conduct-to-your-project.md
TarsCloud,TarsFoundation,4,5,code-of-conduct.md
jacro-invoke,meme,0,1,VRTK-Base-Jack/.github/CODE_OF_CONDUCT.md
USGS-Astrogeology,ISIS_TC,4,47,BasePolicies/CODE_OF_CONDUCT.md
kumahq,kuma-demo,37,15,CODE_OF_CONDUCT.md
PowerShell,PSSwagger,162,10,CODE_OF_CONDUCT.md
pradyun,materialism,4,1,CODE_OF_CONDUCT.md
artificialdinosaur,dinosaurjoy,0,1,wp-content/plugins/jetpack/CODE-OF-CONDUCT.md
kbsa,wp_kingdom,0,1,wp-content/plugins/jetpack/CODE-OF-CONDUCT.md
kowit,stb,0,0,vendor/ruby/2.5.0/gems/devise-4.4.3/CODE_OF_CONDUCT.md
fadishami,lwc-recipes,1,21,CODE_OF_CONDUCT.md
sywong2000,Arduino,0,1,libraries/Adafruit_INA219/code-of-conduct.md
serverlessworkflow,vscode-extension,6,3,code-of-conduct.md
lioncorpo,Docs.,0,1,translations/zh-CN/content/communities/setting-up-your-project-for-healthy-contributions/adding-a-code-of-conduct-to-your-project.md
xiongchaoren,blog_source,0,1,themes/next/.github/CODE_OF_CONDUCT.md
iuriifaevskii,wp_shop,0,1,wp-content/plugins/jetpack/CODE-OF-CONDUCT.md
manjeetbrar91,php-test,0,2,wp-content/plugins/jetpack/CODE-OF-CONDUCT.md
JDanielCortez,tigerDirect,0,1,wp-content/plugins/jetpack/CODE-OF-CONDUCT.md
sergiocasao,capitalino-errante,0,1,wp-content/plugins/jetpack/CODE-OF-CONDUCT.md
salesforce,cos-e,125,1,CODE_OF_CONDUCT.md
lumendez,minuta,0,1,vendor/bundle/ruby/2.2.0/gems/devise-4.2.0/CODE_OF_CONDUCT.md
shoichinishiguchi,rspec-practice-shoichi,0,1,vendor/bundle/ruby/2.3.0/gems/devise-4.4.3/CODE_OF_CONDUCT.md
Lyappunov,laraClassify_notuddekk_1,0,1,vendor/aws/aws-sdk-php/CODE_OF_CONDUCT.md
venztech103,venz-skill-sample-nodejs-pet-tales,0,1,CODE_OF_CONDUCT.md
aws-quickstart,quickstart-git2s3,145,23,CODE_OF_CONDUCT.md
rich5k,freelancelot,0,3,vendor/stripe/stripe-php/CODE_OF_CONDUCT.md
OgulcanCulfa,PHP-StripeAPI,1,1,vendor/stripe/stripe-php/CODE_OF_CONDUCT.md
creativecommons,sre-salt-prime,9,4,CODE_OF_CONDUCT.md
thisisdevanshu,Landmark-Detection-CNN,0,3,CODE_OF_CONDUCT.md
mtho11,kiali-backend,0,1,CODE_OF_CONDUCT.md
AnethOchoa,DAW,0,1,Artesanias/public/dash/CODE_OF_CONDUCT.md
zygmunman,nuestra_biblioteca,0,1,public/assets/lte/bower_components/bootstrap-datepicker/CODE_OF_CONDUCT.md
BouchetaSanaa,sac_a_dos,0,0,css/bootstrap-5.0.0-beta1/CODE_OF_CONDUCT.md
fachryhidayat7,perpustakaan,0,1,public/assets/bower_components/bootstrap-datepicker/CODE_OF_CONDUCT.md
nkj06,StudyArduino,0,1,libraries/DHT_sensor_library/code-of-conduct.md
poommooq,puff_pie,0,1,data/wordpress/wp-content/plugins/jetpack/CODE-OF-CONDUCT.md
trungnh,vtech,0,1,wp-content/plugins/jetpack/CODE-OF-CONDUCT.md
macieki,Endokrynologia,0,1,wp-content/plugins/jetpack/CODE-OF-CONDUCT.md
dextersecret,ebikes-demo,0,8,CODE_OF_CONDUCT.md
BOHICA-LABS,BLAOS,0,1,CODE_OF_CONDUCT.md
RameshEY,website,0,370,content/en/community/code-of-conduct.md
satohide3100,socialboost,0,1,vendor/bundle/gems/devise-4.5.0/CODE_OF_CONDUCT.md
dsaa151562000,diveintocode02,0,1,vendor/bundler/ruby/2.3.0/gems/devise-4.1.1/CODE_OF_CONDUCT.md
dsaa151562000,diveintocode02,0,1,vendor/bundler/ruby/2.3.0/gems/devise-4.0.0/CODE_OF_CONDUCT.md
charbel-elhajj,active_interaction_mapper,0,1,CODE_OF_CONDUCT.md
Octo8080X,test_gem_2,0,1,CODE_OF_CONDUCT.md
absinthe-graphql,dataloader,374,33,CODE_OF_CONDUCT.md
tikv,tikv,9349,295,CODE_OF_CONDUCT.md
dnardo,cluster-proportional-vertical-autoscaler-old,0,6,code-of-conduct.md
benoit17630,serveur-prive,0,1,CODE_OF_CONDUCT.md
hassio-addons,addon-jupyterlab,29,7,CODE_OF_CONDUCT.md
sailakshmik,Bigtable,0,45,CODE_OF_CONDUCT.md
kywvane,Autofac.InjectionAttribute,0,1,src/Autofac/Autofac-develop/Autofac-develop/CODE_OF_CONDUCT.md
lypht,java-prototype,0,1,CODE-OF-CONDUCT.md
gridgentoo,kiali,0,15,CODE_OF_CONDUCT.md
d-d-d-d-d,uncorked,0,4,Assets/VRTK-master/CODE_OF_CONDUCT.md
lioncorpo,Docs.,0,1,translations/ja-JP/content/communities/setting-up-your-project-for-healthy-contributions/adding-a-code-of-conduct-to-your-project.md
test1-2-3,canatap,0,1,vendor/bundle/ruby/2.5.0/gems/devise-4.5.0/CODE_OF_CONDUCT.md
johnfelixespinosa,custom_blog,0,1,vendor/bundle/ruby/2.3.0/gems/devise-3.5.6/CODE_OF_CONDUCT.md
mwahyudimw,cms-blog,0,1,vendor/google/auth/CODE_OF_CONDUCT.md
margsilva16,project2,0,1,vendor/league/commonmark/CODE_OF_CONDUCT.md
iambobbyballe,psb,1,1,vendor/league/commonmark/CODE_OF_CONDUCT.md
pavel-corsaghin,google-api-python-client,0,93,CODE_OF_CONDUCT.md
simboyy,adspaces-zw,0,2,client/bower_components/angular-ui-bootstrap/CODE_OF_CONDUCT.md
Yash-Singh1,epack,3,5,CODE_OF_CONDUCT.md
salesforceiq-oss,z-index-manager,1,5,CODE_OF_CONDUCT.md
benmoumene,laravel-6-full-project,0,1,vendor/league/commonmark/CODE_OF_CONDUCT.md
phdafoe,CIGitHubActions,0,1,vendor/bundle/ruby/2.6.0/gems/google-cloud-env-1.4.0/CODE_OF_CONDUCT.md
phdafoe,CIGitHubActions,0,1,vendor/bundle/ruby/2.6.0/gems/google-cloud-core-1.5.0/CODE_OF_CONDUCT.md
phdafoe,CIGitHubActions,0,1,vendor/bundle/ruby/2.6.0/gems/google-cloud-errors-1.0.1/CODE_OF_CONDUCT.md
phdafoe,CIGitHubActions,0,1,vendor/bundle/ruby/2.6.0/gems/google-cloud-storage-1.30.0/CODE_OF_CONDUCT.md
phdafoe,CIGitHubActions,0,1,vendor/bundle/ruby/3.0.0/gems/googleauth-0.15.1/CODE_OF_CONDUCT.md
phdafoe,CIGitHubActions,0,1,vendor/bundle/ruby/2.6.0/gems/googleauth-0.15.1/CODE_OF_CONDUCT.md
phdafoe,CIGitHubActions,0,1,vendor/bundle/ruby/2.6.0/gems/google-api-client-0.38.0/CODE_OF_CONDUCT.md
Zubach,laravel,0,1,vendor/league/commonmark/CODE_OF_CONDUCT.md
xiaoxiaadmin123,1910phpa,0,1,vendor/league/commonmark/CODE_OF_CONDUCT.md
oyenet1,Al-Ansar-foundation,0,1,vendor/league/commonmark/CODE_OF_CONDUCT.md
czoner3,Reto3,1,4,vendor/league/commonmark/CODE_OF_CONDUCT.md
nsid98,meet3,0,2,nodejs-docs-samples/CODE_OF_CONDUCT.md
iliojunior,mobile,0,4,www/lib/ngCordova/CODE_OF_CONDUCT.md
php4dev,heroku-wordpress,39,2,wp-content/plugins/wpvivid-backuprestore/vendor/google/auth/CODE_OF_CONDUCT.md
php4dev,heroku-wordpress,39,2,wp-content/plugins/amazon-s3-and-cloudfront/vendor/Gcp/google/auth/CODE_OF_CONDUCT.md
kalyan1985,powershell,1,149,CODE_OF_CONDUCT.md
maheshdandu346,sample,0,1,CODE_OF_CONDUCT.md
puyangsky,PKU-Kubernetes,0,341,code-of-conduct.md
salesforce,starport,0,1,CODE_OF_CONDUCT.md
salesforce,lwc,1019,47,CODE_OF_CONDUCT.md
benjivesterby,may2021-triangle-meetup,0,1,.github/CODE_OF_CONDUCT.md
fjThomasStanley,travisTesting,0,2,CODE_OF_CONDUCT.md
samtdavis,ai-economist-attempt,1,3,CODE_OF_CONDUCT.md
acse-2020,introduction,4,4,code_of_conduct.md
Zavagl,jekyll,0,391,docs/_docs/code_of_conduct.md
gazza2577,arduino,0,1,libraries/Adafruit_CircuitPython_PCA9685-master/Adafruit_CircuitPython_PCA9685-master/CODE_OF_CONDUCT.md
banurapp,web,8,7,CODE_OF_CONDUCT.md
stoe,template-nc,1,1,.github/code_of_conduct.md
stoe,template-nc,1,1,template/.github/code_of_conduct.md
MahmoudSendi77,BlogFashion,0,1,vendor/symfony/symfony/.github/CODE_OF_CONDUCT.md
viveksharma87,quick-r-ride,0,0,google-cloud-sdk-279.0.0-linux-x86_64/google-cloud-sdk/platform/gsutil/third_party/oauth2client/CODE_OF_CONDUCT.md
vinnyvinn,akaunting,2,1,vendor/league/commonmark/CODE_OF_CONDUCT.md
richstars,laravel-crud,0,1,vendor/league/commonmark/CODE_OF_CONDUCT.md
pubnub,pubnub-swift-csm,1,2,vendor/bundle/ruby/2.5.0/gems/google-cloud-storage-1.25.1/CODE_OF_CONDUCT.md
pubnub,pubnub-swift-csm,1,2,vendor/bundle/ruby/2.5.0/gems/google-cloud-env-1.3.1/CODE_OF_CONDUCT.md
pubnub,pubnub-swift-csm,1,2,vendor/bundle/ruby/2.5.0/gems/google-cloud-errors-1.0.0/CODE_OF_CONDUCT.md
pubnub,pubnub-swift-csm,1,2,vendor/bundle/ruby/2.5.0/gems/google-cloud-core-1.5.0/CODE_OF_CONDUCT.md
pubnub,pubnub-swift-csm,1,2,vendor/bundle/ruby/2.5.0/gems/googleauth-0.11.0/CODE_OF_CONDUCT.md
pubnub,pubnub-swift-csm,1,2,vendor/bundle/ruby/2.5.0/gems/google-api-client-0.36.4/CODE_OF_CONDUCT.md
little-cui,sc-dependency,0,1,bower_components/angular-ui-bootstrap/CODE_OF_CONDUCT.md
WalkerPi,sample_app,0,1,vendor/bundle/gems/mime-types-data-3.2015.1120/Code-of-Conduct.md
bmp3,kmwp,0,1,plugins/Google Sheet Connector/vendor/google/apiclient-services/CODE_OF_CONDUCT.md
troglobit,pimd,145,27,.github/CODE-OF-CONDUCT.md
amzn,smoke-aws,88,7,CODE_OF_CONDUCT.md
xmake-io,xmake,3595,44,CODE_OF_CONDUCT.md
jennladines,e-bikes,0,14,CODE_OF_CONDUCT.md
Johannes-Sahlmann,pystrometry,8,3,CODE_OF_CONDUCT.md
thomasrayner,powershell-so,0,239,CODE_OF_CONDUCT.md
Raspberry-Pi-4-MCU,ESP32-homekit-SHT20,0,1,homekit_adk/CODE_OF_CONDUCT.md
bitnami,bitnami-docker-spring-cloud-skipper,0,4,CODE_OF_CONDUCT.md
bitnami,bitnami-docker-sonarqube,42,5,CODE_OF_CONDUCT.md
bitnami,bitnami-docker-minio,19,8,CODE_OF_CONDUCT.md
bitnami,bitnami-docker-apache,90,19,CODE_OF_CONDUCT.md
PowerShell,PowerShellGetv2,346,34,CODE_OF_CONDUCT.md
ameernuri,rickle,0,2,platforms/android/assets/www/lib/pouchdb/CODE_OF_CONDUCT.md
ameernuri,rickle,0,2,www/lib/pouchdb/CODE_OF_CONDUCT.md
javamaasai,loginapp,0,1,www/bower_components/pouchdb/CODE_OF_CONDUCT.md
salesforce,QAConv,10,2,CODE_OF_CONDUCT.md
fsprojects,fantomas,500,72,CODE_OF_CONDUCT.md
llyradlenz,readme,0,1,_articles/code-of-conduct.md
kurone-kito,setup.windows,10,2,.github/CODE_OF_CONDUCT.md
adafruit,Adafruit_CircuitPython_FONA,6,6,CODE_OF_CONDUCT.md
patrikrufino,livre,0,1,CODE_OF_CONDUCT.md
JeremiahChurch,omniauth-notion,2,2,CODE_OF_CONDUCT.md
rodneylab,gatsby-functions-fauna,0,2,CODE_OF_CONDUCT.md
FarNaya,wordpress,0,1,wp-content/plugins/jetpack/CODE-OF-CONDUCT.md
musmanafzal019,firstapp,0,1,wp-content/plugins/jetpack/CODE-OF-CONDUCT.md
himadrivyas,Catering_template,0,1,wp-content/plugins/jetpack/CODE-OF-CONDUCT.md
Autoware-AI,core_planning,78,41,CODE_OF_CONDUCT.md
bbc,digital-paper-edit-cep,1,1,CODE_OF_CONDUCT.md
zyp461476492,foolish,0,2,themes/next/.github/CODE_OF_CONDUCT.md
nandeeshm,aws-serverless-ecommerce-platform,1,7,CODE_OF_CONDUCT.md
awslabs,python-deequ,147,4,CODE_OF_CONDUCT.md
M-Nakamura30,pictweet,0,1,vendor/bundle/gems/devise-4.5.0/CODE_OF_CONDUCT.md
mojyao,onodera_app,0,1,vendor/bundle/ruby/2.4.0/gems/devise-4.4.3/CODE_OF_CONDUCT.md
mojyao,onodera_app,0,1,vendor/bundle/ruby/2.4.0/gems/devise-4.5.0/CODE_OF_CONDUCT.md
p-duke,overtime-app,0,1,vendor/bundle/ruby/2.2.0/gems/devise-4.2.0/CODE_OF_CONDUCT.md
spacetelescope,subpixal,6,1,CODE_OF_CONDUCT.md
Mr-hiddenaire,P.siteT,0,0,wp-content/plugins/armember/lib/Stripe/vendor/stripe/stripe-php/CODE_OF_CONDUCT.md
reactjs,server-components-demo,3069,15,CODE_OF_CONDUCT.md
stripe,.github,4,1,CODE_OF_CONDUCT.md
reactjs,sr.reactjs.org,5,416,CODE_OF_CONDUCT.md
2moe,Aria2Manager,0,2,aria2/data/Program/git-for-windows/CODE_OF_CONDUCT.md
rokwire,events-manager,0,14,CODE_OF_CONDUCT.md
bitnami,bitnami-docker-rabbitmq,126,29,CODE_OF_CONDUCT.md
bitnami,bitnami-docker-mysql,124,18,CODE_OF_CONDUCT.md
tormyvancool,TormyVanCool_ReaPack_Scripts,2,1,CODE_OF_CONDUCT.md
skeifling,intro-to-semgrep,0,1,CODE_OF_CONDUCT.md
kjfossman,Fish-Processing-App,0,1,CODE_OF_CONDUCT.md
harrysolovay,testing-release-1,0,1,CODE_OF_CONDUCT.md
kaygb,RSSHubAuto,0,1,CODE_OF_CONDUCT.md
rpodcast,hotshots.dashboard,1,1,CODE_OF_CONDUCT.md
tidymodels,learntidymodels,41,7,CODE_OF_CONDUCT.md
WooRaZil-Boy,Raywenderlich_iOS,11,1,Videos/Combine_in_the_raywenderlich_com_App/CODE_OF_CONDUCT.md
phluid61,mug,2,1,code_of_conduct.md
ukan,refina,0,1,public/assets/frontend/porto/vendor/simple-line-icons/CODE_OF_CONDUCT.md
jardelnovaes,minhaescolamelhor,0,1,server/vendor/phpunit/phpunit/CODE_OF_CONDUCT.md
vhpoet,redux-pagination,8,1,CODE_OF_CONDUCT.md
sealink,humanized_id,0,7,CODE_OF_CONDUCT.md
vilison,work-order,0,1,vendor/phpunit/phpunit/CODE_OF_CONDUCT.md
atyenoria,myruby,1,0,my_libs/CODE_OF_CONDUCT.md
dvbtham,gicco,3,2,src/Gicco.WebHost/wwwroot/lib/simple-line-icons/CODE_OF_CONDUCT.md
josephyi,taric,14,3,CODE_OF_CONDUCT.md
Issacpeng,pushtest,0,1,kubernetes/code-of-conduct.md
salesforce,bazel-ls-vscode,3,5,CODE_OF_CONDUCT.md
yogeshkrishnani,QRBarcodeScanner,1,1,www/lib/pouchdb/CODE_OF_CONDUCT.md
krupchev,myproject,0,374,CODE_OF_CONDUCT.md
changchai,https-github.com-users-changchai-succession-invitation,0,1,translations/ru-RU/content/github/building-a-strong-community/adding-a-code-of-conduct-to-your-project.md
changchai,https-github.com-users-changchai-succession-invitation,0,1,translations/ko-KR/content/github/building-a-strong-community/adding-a-code-of-conduct-to-your-project.md
changchai,https-github.com-users-changchai-succession-invitation,0,1,content/github/building-a-strong-community/adding-a-code-of-conduct-to-your-project.md
cai880210,layui-esri-js,0,2,libs/example/viewerjs-master/.github/CODE_OF_CONDUCT.md
dry-rb,dry-logic,128,30,CODE_OF_CONDUCT.md
coinninjadev,cnlib,0,2,CODE_OF_CONDUCT.md
thefrontside,emberx-file-reader,2,4,CODE_OF_CONDUCT.md
mono,shootout-benchmarks,0,2,CODE-OF-CONDUCT.md
changchai,---octo--barnacle,1,1,translations/de-DE/content/github/building-a-strong-community/adding-a-code-of-conduct-to-your-project.md
Nexosis,nexosisclient-java,1,6,CODE_OF_CONDUCT.md
apiology,docker-circleci-ruby,0,2,CODE_OF_CONDUCT.md
johnsyweb,yamllint-buildkite-plugin,0,1,CODE_OF_CONDUCT.md
oknozor,onagre,24,1,CODE_OF_CONDUCT.md
joshyOcuk,Zero-insight-patched,0,5,code_of_conduct.md
mgsisk,providence,0,1,CODE_OF_CONDUCT.md
bobozee,weatherino2.0,0,1,lib/DHT-sensor-library-master/code-of-conduct.md
jpmarion,fonosoft,0,1,vendor/league/oauth2-server/CODE_OF_CONDUCT.md
apb7,unassign,1,1,CODE_OF_CONDUCT.md
ajayvarghese2000,Maze-Solver,0,4,Library/Adafruit_LSM303DLH_Mag/code-of-conduct.md
KimSH1238,Cpp_n_etc-numerical,0,0,libraries/RTClib/code-of-conduct.md
KimSH1238,Cpp_n_etc-numerical,0,0,libraries/Adafruit_AVRProg/code-of-conduct.md
KimSH1238,Cpp_n_etc-numerical,0,0,libraries/DHT_sensor_library/code-of-conduct.md
KimSH1238,Cpp_n_etc-numerical,0,0,libraries/Adafruit_GPS_Library/code-of-conduct.md
KimSH1238,Cpp_n_etc-numerical,0,0,libraries/Adafruit_TouchScreen/code-of-conduct.md
KimSH1238,Cpp_n_etc-numerical,0,0,libraries/Adafruit_STMPE610/code-of-conduct.md
jennyythuynh,Not-Mine,0,379,CODE_OF_CONDUCT.md
Permanently,BedwarsBeggars,0,3,CODE_OF_CONDUCT.md
donatospinelli,barena-bianca-map,0,7,CODE_OF_CONDUCT.md
mike22664,messages,0,1,translations/zh-CN/content/github/building-a-strong-community/adding-a-code-of-conduct-to-your-project.md
mike22664,messages,0,1,translations/ja-JP/content/github/building-a-strong-community/adding-a-code-of-conduct-to-your-project.md
Hacknocraft,AFCarthageSample,0,1,Carthage/Checkouts/SlackTextViewController/CODE_OF_CONDUCT.md
Hacknocraft,AFCarthageSample,0,1,Carthage/Checkouts/AppFriendsCarthage/Carthage/Checkouts/SlackTextViewController/CODE_OF_CONDUCT.md
spaghettifunk,pinot-operator,5,1,CODE_OF_CONDUCT.md
apache,skywalking-ui,270,19,CODE_OF_CONDUCT.md
hiroshi-00,traning-memoz,0,1,vendor/bundle/ruby/2.5.0/gems/dry-equalizer-0.3.0/CODE_OF_CONDUCT.md
eharecz,LoRa_band,1,4,Projects/Watch/lib/libraries/Adafruit_DRV2605_Library/code-of-conduct.md
DmitryBorisenko33,libraries,0,1,RTClib/code-of-conduct.md
EmmanuelFm,Sycamore-T-Cephas-S-,0,1,translations/ko-KR/content/github/building-a-strong-community/adding-a-code-of-conduct-to-your-project.md
EmmanuelFm,Sycamore-T-Cephas-S-,0,1,translations/ru-RU/content/github/building-a-strong-community/adding-a-code-of-conduct-to-your-project.md
EmmanuelFm,Sycamore-T-Cephas-S-,0,1,content/github/building-a-strong-community/adding-a-code-of-conduct-to-your-project.md
atapas,theme-builder,93,3,CODE_OF_CONDUCT.md
seastan,ringsdb,9,8,vendor/symfony/symfony/.github/CODE_OF_CONDUCT.md
benoitsteiner,tensorflow-xsmm,13,359,CODE_OF_CONDUCT.md
dlmu2001,customprint,0,1,wp-content/plugins/jetpack/CODE-OF-CONDUCT.md
PowerShell,GraphicalTools,340,10,CODE_OF_CONDUCT.md
tcls-esprit,Web,0,3,CDLC/vendor/symfony/symfony/.github/CODE_OF_CONDUCT.md
Qamcoin-Developers,Qamcoin,0,1,external/rocksdb/CODE_OF_CONDUCT.md
yf6666,PeakLearner-1.1,0,4,jbrowse/CODE_OF_CONDUCT.md
bitnami,bitnami-docker-spring-cloud-dataflow-shell,0,3,CODE_OF_CONDUCT.md
smurgai2016,kuberneteswebsite,0,374,content/en/community/code-of-conduct.md
Erraoudy,P1,0,2,vendor/symfony/symfony/.github/CODE_OF_CONDUCT.md
shouiii,m151-shopping-list,0,1,vendor/symfony/symfony/.github/CODE_OF_CONDUCT.md
rkanadam,registrar,0,1,bower_components/pouchdb/CODE_OF_CONDUCT.md
SFDC-Assets,EinsteinPlayground,1,1,CODE_OF_CONDUCT.md
lbeck37,ESP32,0,1,Arduino/Sketches/libraries/Adafruit_CCS811_Library/code-of-conduct.md
adafruit,Adafruit_MCP9808_Library,38,10,code-of-conduct.md
cesardevelops,CPP,1,1,OpenFrameworks/of_v0.11.0_osx_release/CODE_OF_CONDUCT.md
WillianPaiva,StopSmokingApp,0,1,www/lib/pouchdb/CODE_OF_CONDUCT.md
apulis,Apulis-AI-Platform,37,49,docs/code-of-conduct_en.md
salesforce,salesforce-risk,10,2,CODE_OF_CONDUCT.md
giathang,training_api,0,1,vendor/bundle/ruby/2.3.0/gems/devise-4.2.0/CODE_OF_CONDUCT.md
ahmadqawasmeh2,edu,0,1,vendor/stripe/stripe-php/CODE_OF_CONDUCT.md
tasitlabs,tasit-apps,29,6,.github/CODE_OF_CONDUCT.md
metabrainz,critiquebrainz,59,34,.github/CODE_OF_CONDUCT.md
liupeng0518,goharbor,0,1,code-of-conduct.md
submission001,anonymoussubmission_automl,0,1,autogluon/CODE_OF_CONDUCT.md
ruby2808,Project-final,0,2,QuizManagement.WebApplication/wwwroot/lib/cropper/.github/CODE_OF_CONDUCT.md
amahaya,Almace,0,1,wp-content/plugins/jetpack/CODE-OF-CONDUCT.md
Groutch,WPCommerce,0,2,wp-content/plugins/jetpack/CODE-OF-CONDUCT.md
savemariglobal,savemariweb,0,0,Source/savemari.co.tz/wp-content/plugins/jetpack/CODE-OF-CONDUCT.md
savemariglobal,savemariweb,0,0,Source/savemari.co.za/wp-content/plugins/jetpack/CODE-OF-CONDUCT.md
savemariglobal,savemariweb,0,0,Source/savemari.co.ke/wp-content/plugins/jetpack/CODE-OF-CONDUCT.md
BranigansLaw,wp-fumbling,0,1,wp-lone-local/wp-content/plugins/jetpack/CODE-OF-CONDUCT.md
salesforce,bazel-demo,1,2,CODE_OF_CONDUCT.md
salesforce,SourceCrawler,2,2,CODE_OF_CONDUCT.md
mbathersby,mjb-workbench,0,2,CODE_OF_CONDUCT.md
salesforce,ai-economist,585,4,CODE_OF_CONDUCT.md
ArthurLins,irrigador-autonomo,0,1,Web/assets/libs/pouchdb-6.3.4/CODE_OF_CONDUCT.md
csantanapr,ionic-chat,11,1,www/lib/pouchdb/CODE_OF_CONDUCT.md
ArthurLins,irrigador-autonomo,0,1,Web/assets/libs/pouchdb-6.3.4/CODE_OF_CONDUCT.md
GerrI-05,avajs,0,188,code-of-conduct.md
neha123-star,basil,0,1,vendor/league/commonmark/CODE_OF_CONDUCT.md
nhuiip,rmutrSupaporn,0,1,vendor/google/auth/CODE_OF_CONDUCT.md
selimdaoud,brawl,0,1,vendor/google/apiclient-services/CODE_OF_CONDUCT.md
selimdaoud,brawl,0,1,vendor/google/apiclient/CODE_OF_CONDUCT.md
selimdaoud,brawl,0,1,vendor/google/auth/CODE_OF_CONDUCT.md
utmsandeep,Hotel-CRM,1,0,vendor/league/commonmark/CODE_OF_CONDUCT.md
ezbc,docker-marklogic-stack-build,0,0,slush/bower_components/ui.bootstrap/CODE_OF_CONDUCT.md
UKHomeOffice,docker-python,0,1,code_of_conduct.md
adika3121,engine_drive,0,1,vendor/google/apiclient-services/CODE_OF_CONDUCT.md
mywebcompanion,cscinsuranceindex,0,2,public/libs/ui-bootstrap/CODE_OF_CONDUCT.md
PedroPascoal6,dialogFlow-nodeJS,0,1,CODE_OF_CONDUCT.md
ministryofjustice,hmpps-book-secure-move-frontend,3,18,CODE_OF_CONDUCT.md
github,opensource.guide,8329,199,_articles/code-of-conduct.md
Quansight-Labs,jupyter-roadmap,0,1,CODE_OF_CONDUCT.md
AnaisR7,rails_project,0,1,vendor/bundle/ruby/2.3.0/gems/devise-4.4.1/CODE_OF_CONDUCT.md
AnaisR7,rails_project,0,1,vendor/bundle/ruby/2.1.0/gems/devise-4.4.1/CODE_OF_CONDUCT.md
inclusive-design,idrc,1,3,.github/code_of_conduct.md
facebookresearch,muss,26,1,CODE_OF_CONDUCT.md
CodeKrakken,21,0,1,CODE_OF_CONDUCT.md
aecworks,aecworks,4,1,code_of_conduct.md
rosscoryanderson,champs,0,1,CODE_OF_CONDUCT.md
Konstantin6487,rails-project-lvl1,0,1,CODE_OF_CONDUCT.md
klosterlight,notify_me,0,2,CODE_OF_CONDUCT.md
Thunderbolt9,Book-Rental-System,2,1,CODE_OF_CONDUCT.md
TrustFrame,authentic-data-specifications,4,1,Code of Conduct.md
autifyhq,merge-queue-action,3,1,CODE_OF_CONDUCT.md
sollo11,CS3113,0,11,translations/de-DE/content/github/building-a-strong-community/adding-a-code-of-conduct-to-your-project.md
ivanvorobei,SparrowKit,36,2,CODE_OF_CONDUCT.md
bkonetchy,golem_test,0,1,CODE_OF_CONDUCT.md
Kyngo,WhatIAmPlaying,0,1,CODE_OF_CONDUCT.md
shunhikita,activerecord_readonly,0,1,CODE_OF_CONDUCT.md
vmware-tanzu,octant-plugin-for-kind,7,1,CODE_OF_CONDUCT.md
cicorias,njit-is601-project,0,1,CODE_OF_CONDUCT.md
poissonconsulting,batchgsub,0,3,.github/CODE_OF_CONDUCT.md
saeedbaloch,baharan,1,1,translations/zh-CN/content/communities/setting-up-your-project-for-healthy-contributions/adding-a-code-of-conduct-to-your-project.md
rancher,system-upgrade-controller,207,5,CODE_OF_CONDUCT.md
Autoware-AI,core_planning,78,41,CODE_OF_CONDUCT.md
FarNaya,wordpress,0,1,wp-content/plugins/jetpack/CODE-OF-CONDUCT.md
musmanafzal019,firstapp,0,1,wp-content/plugins/jetpack/CODE-OF-CONDUCT.md
himadrivyas,Catering_template,0,1,wp-content/plugins/jetpack/CODE-OF-CONDUCT.md
fireblade-engine,math,9,1,CODE_OF_CONDUCT.md
PaulD103,javascriptcodingProjects,0,1,CODE_OF_CONDUCT.md
jihadkhawaja,AdvancedDiscordBot,0,2,CODE_OF_CONDUCT.md
Rajiii4u,react-rbc-alert,0,1,CODE_OF_CONDUCT.md
diuguide,symptom_tracker,0,3,CODE_OF_CONDUCT.md
klarna-incubator,qrcode-renderer,57,5,.github/CODE_OF_CONDUCT.md
bbc,digital-paper-edit-cep,1,1,CODE_OF_CONDUCT.md
zyp461476492,foolish,0,2,themes/next/.github/CODE_OF_CONDUCT.md
nandeeshm,aws-serverless-ecommerce-platform,1,7,CODE_OF_CONDUCT.md
awslabs,python-deequ,147,4,CODE_OF_CONDUCT.md
spacetelescope,subpixal,6,1,CODE_OF_CONDUCT.md
M-Nakamura30,pictweet,0,1,vendor/bundle/gems/devise-4.5.0/CODE_OF_CONDUCT.md
mojyao,onodera_app,0,1,vendor/bundle/ruby/2.4.0/gems/devise-4.4.3/CODE_OF_CONDUCT.md
mojyao,onodera_app,0,1,vendor/bundle/ruby/2.4.0/gems/devise-4.5.0/CODE_OF_CONDUCT.md
p-duke,overtime-app,0,1,vendor/bundle/ruby/2.2.0/gems/devise-4.2.0/CODE_OF_CONDUCT.md
2moe,Aria2Manager,0,2,aria2/data/Program/git-for-windows/CODE_OF_CONDUCT.md
Mr-hiddenaire,P.siteT,0,0,wp-content/plugins/armember/lib/Stripe/vendor/stripe/stripe-php/CODE_OF_CONDUCT.md
reactjs,server-components-demo,3069,15,CODE_OF_CONDUCT.md
stripe,.github,4,1,CODE_OF_CONDUCT.md
reactjs,sr.reactjs.org,5,416,CODE_OF_CONDUCT.md
rokwire,events-manager,0,14,CODE_OF_CONDUCT.md
ecosia,opensource,0,2,CODE_OF_CONDUCT.md
bitnami,bitnami-docker-rabbitmq,126,29,CODE_OF_CONDUCT.md
bitnami,bitnami-docker-mysql,124,18,CODE_OF_CONDUCT.md
tormyvancool,TormyVanCool_ReaPack_Scripts,2,1,CODE_OF_CONDUCT.md
skeifling,intro-to-semgrep,0,1,CODE_OF_CONDUCT.md
kjfossman,Fish-Processing-App,0,1,CODE_OF_CONDUCT.md
harrysolovay,testing-release-1,0,1,CODE_OF_CONDUCT.md
kaygb,RSSHubAuto,0,1,CODE_OF_CONDUCT.md
rpodcast,hotshots.dashboard,1,1,CODE_OF_CONDUCT.md
tidymodels,learntidymodels,41,7,CODE_OF_CONDUCT.md
WooRaZil-Boy,Raywenderlich_iOS,11,1,Videos/Combine_in_the_raywenderlich_com_App/CODE_OF_CONDUCT.md
phluid61,mug,2,1,code_of_conduct.md
lulzsec2012,tensorflow,0,0,CODE_OF_CONDUCT.md
simulationcoin,ycash,1,348,code_of_conduct.md
brainhackorg,global2020,8,14,content/code-of-conduct/code-of-conduct.md
lvtk12HaUI,SLLDT-Laravel,0,1,vendor/phpunit/phpunit/.github/CODE_OF_CONDUCT.md
is4d0r4,BSC,0,0,vendor/phpunit/phpunit/CODE_OF_CONDUCT.md
margsilva16,project2,0,1,vendor/phpunit/phpunit/.github/CODE_OF_CONDUCT.md
mkawa125,blog,0,2,vendor/phpunit/phpunit/.github/CODE_OF_CONDUCT.md
iambobbyballe,psb,1,1,vendor/phpunit/phpunit/.github/CODE_OF_CONDUCT.md
microsoftjulius,TIG,1,1,vendor/phpunit/phpunit/.github/CODE_OF_CONDUCT.md
9rezza,coolingtower,0,1,vendor/phpunit/phpunit/.github/CODE_OF_CONDUCT.md
Hadesonly,logistics_backstage,0,1,vendor/phpunit/phpunit/.github/CODE_OF_CONDUCT.md
LiuNing244871946,Multyfunctional-webApp,0,1,kintime-webapp-R/PHP/Public/aliyun-dysms-php-sdk/api_sdk/vendor/phpunit/phpunit/CODE_OF_CONDUCT.md
LiuNing244871946,Multyfunctional-webApp,0,1,kintime-webapp/PHP/API/api_sdk/vendor/phpunit/phpunit/CODE_OF_CONDUCT.md
Mamithi,better-php,0,1,Testing/vendor/phpunit/phpunit/.github/CODE_OF_CONDUCT.md
rachit1994,simpleReactDemo,0,0,CODE_OF_CONDUCT.md
mohamedslman73,Cars,0,0,vendor/phpunit/phpunit/.github/CODE_OF_CONDUCT.md
estately,rets,118,26,CODE_OF_CONDUCT.md
wak1991,yii2.part1,0,1,vendor/phpunit/phpunit/CODE_OF_CONDUCT.md
ericcornelissen,wordrow,0,2,CODE_OF_CONDUCT.md
Nguyen-Xuan-Hai,Module02-CleanCode-Refactoring,0,1,Refactoring-Variable-Constant/vendor/phpunit/phpunit/.github/CODE_OF_CONDUCT.md
Nguyen-Xuan-Hai,Module02-CleanCode-Refactoring,0,1,Refactoring-Method/vendor/phpunit/phpunit/.github/CODE_OF_CONDUCT.md
cvjreyes,ahtech,0,1,vendor/phpunit/phpunit/.github/CODE_OF_CONDUCT.md
linglinchen,drug-tool,0,4,vendor/phpunit/phpunit/CODE_OF_CONDUCT.md
vinnyvinn,akaunting,2,1,vendor/phpunit/phpunit/.github/CODE_OF_CONDUCT.md
richstars,laravel-crud,0,1,vendor/phpunit/phpunit/.github/CODE_OF_CONDUCT.md
pubnub,pubnub-swift-csm,1,2,vendor/bundle/ruby/2.5.0/gems/nanaimo-0.2.6/CODE_OF_CONDUCT.md
Muhza,manumi-laravel,0,1,vendor/phpunit/phpunit/.github/CODE_OF_CONDUCT.md
TeamAltera,palm-to-farm,16,4,ProjectPurple/Middle/php/vendor/php-amqplib/php-amqplib/CODE_OF_CONDUCT.md
Lionsheart,ryanlang,0,2,vendor/phpunit/phpunit/.github/CODE_OF_CONDUCT.md
TimePub,TPShop_V2,0,0,vendor/phpunit/phpunit/CODE_OF_CONDUCT.md
aghisnadwi,project,0,1,blog/vendor/phpunit/phpunit/.github/CODE_OF_CONDUCT.md
mj-jackson,php-fun,0,1,vendor/phpunit/phpunit/.github/CODE_OF_CONDUCT.md
wxjbnu,awesome-wxj,0,1,electron/CODE_OF_CONDUCT.md
butirpadi,berkahmulya,0,1,vendor/phpunit/phpunit/.github/CODE_OF_CONDUCT.md
snemesh,board1,0,1,vendor/phpunit/phpunit/CODE_OF_CONDUCT.md
snemesh,board1,0,1,vendor/php-amqplib/php-amqplib/CODE_OF_CONDUCT.md
Reikko,casas,0,1,vendor/phpunit/phpunit/CODE_OF_CONDUCT.md
gracegicheru,Api,0,1,vendor/phpunit/phpunit/.github/CODE_OF_CONDUCT.md
kessellrun,partkeepr,0,1,inventory/vendor/phpunit/phpunit/CODE_OF_CONDUCT.md
narimalik,invoice,0,1,vendor/phpunit/phpunit/CODE_OF_CONDUCT.md
BhavinDhamecha,LapStore,0,0,vendor/bundle/gems/sidekiq-5.2.1/code_of_conduct.md
GeckoDiego,audara-5,0,1,vendor/phpunit/phpunit/.github/CODE_OF_CONDUCT.md
franciscooliver,sosexpress-v-web,0,1,vendor/phpunit/phpunit/.github/CODE_OF_CONDUCT.md
Whis-key,survey175,0,2,vendor/phpunit/phpunit/.github/CODE_OF_CONDUCT.md
GeckoDiego,audara-5,0,1,vendor/phpunit/phpunit/.github/CODE_OF_CONDUCT.md
franciscooliver,sosexpress-v-web,0,1,vendor/phpunit/phpunit/.github/CODE_OF_CONDUCT.md
Whis-key,survey175,0,2,vendor/phpunit/phpunit/.github/CODE_OF_CONDUCT.md
admin8756,tcb-hackthon-MBaby,2,2,code-of-conduct.md
garrettstott,personal_site,0,1,gems/gems/devise-4.5.0/CODE_OF_CONDUCT.md
garrettstott,personal_site,0,1,gems/gems/devise-4.4.0/CODE_OF_CONDUCT.md
Kaoxyooj,JotAFishV2,0,2,vendor/ruby/2.4.0/gems/devise-4.3.0/CODE_OF_CONDUCT.md
thor42195m,shareME,0,0,vendor/bundle/ruby/2.3.0/gems/devise-4.5.0/CODE_OF_CONDUCT.md
stccenter,PlanetaryDefense-UI,0,1,html/wp-content/plugins/jetpack/CODE-OF-CONDUCT.md
jcarlosj,Learning-WordPress-WooCommerce-Carolina-Spa,1,1,wp-content/plugins/jetpack/CODE-OF-CONDUCT.md
google,link-diver,11,3,docs/code-of-conduct.md
eya20,centre_formation,0,1,vendor/symfony/symfony/.github/CODE_OF_CONDUCT.md
HristoRaykov,TechModule-05.2018,0,1,SoftTech 07.2018/ST Exam 12.08.2018/PHP/vendor/symfony/symfony/.github/CODE_OF_CONDUCT.md
rosscoryanderson,champs,0,1,CODE_OF_CONDUCT.md
Konstantin6487,rails-project-lvl1,0,1,CODE_OF_CONDUCT.md
klosterlight,notify_me,0,2,CODE_OF_CONDUCT.md
Thunderbolt9,Book-Rental-System,2,1,CODE_OF_CONDUCT.md
TrustFrame,authentic-data-specifications,4,1,Code of Conduct.md
autifyhq,merge-queue-action,3,1,CODE_OF_CONDUCT.md
Artemka1236,fdfdfd,0,391,docs/_docs/code_of_conduct.md
yalben,Geoguesser,0,12,CODE_OF_CONDUCT.md
wenet-e2e,wenet,773,29,CODE_OF_CONDUCT.md
gilbertjuniors,netlify-react-studuy,0,48,CODE_OF_CONDUCT.md
nurjana022,Laravel-8-Rest-Api,0,1,vendor/league/flysystem/CODE_OF_CONDUCT.md
tomouellette,tomouellette.github.io,0,1,css/animate.css/CODE_OF_CONDUCT.md
LandRegistry,govuk-frontend-wtf,8,5,CODE_OF_CONDUCT.md
lvd,gatsby-starter-netlify-cms,0,47,CODE_OF_CONDUCT.md
napoleaoonaya,Projeto,0,1,vendor/league/flysystem/CODE_OF_CONDUCT.md
sternbert,digitalgarden,0,1,.github/CODE_OF_CONDUCT.md
FadyShakerShawky,full_mark_admin,0,2,vendors/bootstrap/CODE_OF_CONDUCT.md
munaibh,gatsby-starter-netlify-cms,0,47,CODE_OF_CONDUCT.md
collossuspilot55,the-cacti-collection,1,1,CODE_OF_CONDUCT.md
r3trosteve,virtual-event-starter-kit,0,1,CODE_OF_CONDUCT.md
pulumi,pulumi-equinix-metal,2,2,CODE-OF-CONDUCT.md
nicolasarcay,template-two,0,1,CODE_OF_CONDUCT.md
akhmadcoder,todoapp,0,1,vendor/league/flysystem/CODE_OF_CONDUCT.md
UlugbekMuslitdinov,exizmat,4,4,CODE_OF_CONDUCT.md
rbx-libdev,ro.py,32,4,CODE_OF_CONDUCT.md
itsalb3rt,agile-visitors,22,5,CODE_OF_CONDUCT.md
imranhsayed,nextjs-headless-wordpress,161,4,CODE_OF_CONDUCT.md
g-stefan,installer-electron,0,1,.github/CODE_OF_CONDUCT.md
r-farkhutdinov,gql-spacex,1,1,CODE_OF_CONDUCT.md
Anandhavalli95,BasicAuthenticaion,0,1,CODE_OF_CONDUCT.md
baskethammer,yeodl,5,1,CODE_OF_CONDUCT.md
kelda,blimp,92,2,CODE_OF_CONDUCT.md
tharun143,KwoC-EMS,1,2,CODE_OF_CONDUCT.md
schema-types,schema-types,4,2,.github/CODE_OF_CONDUCT.md
jph98,gatsby-starter-netlify-cms,0,44,CODE_OF_CONDUCT.md
alyforalyssa,bbblocks,0,1,CODE_OF_CONDUCT.md
caretgrowth,zoho-grid-widget-vue,1,2,CODE_OF_CONDUCT.md
pmvr,adapted-circuitpython,0,339,lib/tinyusb/CODE_OF_CONDUCT.md
Felimir,modmail-es,0,1,CODE_OF_CONDUCT.md
JAGFx,ets2-dashboard-skin,14,2,CODE_OF_CONDUCT.md
uxmfdesign,marzano-coffee,0,43,CODE_OF_CONDUCT.md
mvwater,mvwater-electron,0,2,CODE_OF_CONDUCT.md
andrewmcodes-archive,access_lint_demo,0,1,CODE_OF_CONDUCT.md
caravanapp-ca,caravanapp-ca,5,6,CODE_OF_CONDUCT.md
mikekellyio,mikekelly.dev,0,34,CODE_OF_CONDUCT.md
2navidmasoudi,ninipay-front,0,1,CODE_OF_CONDUCT.md
qayumhasan,durbarit-website,0,3,vendor/league/flysystem/CODE_OF_CONDUCT.md
seandearnaley,brainstrike-typescript-starter,32,3,CODE_OF_CONDUCT.md
nibabadeyeye,microservice,0,1,springcloud/SpringCloud-Demo-master/CODE_OF_CONDUCT.md
Procoder16,Connect3,1,3,CODE_OF_CONDUCT.md
katsana,fcm-notification,5,2,CODE_OF_CONDUCT.md
DeviPrasadhKvs,NewRepo,0,1,modules/artist_database/tof-artists-database/public/vendors/bootstrap/CODE_OF_CONDUCT.md
sylvanaar,addon-control-panel,3,2,CODE_OF_CONDUCT.md
ark0015,gwent,11,2,CODE_OF_CONDUCT.md
fakeNetflix,indeedeng-repo-iupload,0,6,CODE_OF_CONDUCT.md
fakeNetflix,indeedeng-repo-imhotep,0,9,CODE_OF_CONDUCT.md
TinkoffCreditSystems,ng-dompurify,59,3,CODE_OF_CONDUCT.md
mathematicator-core,tokenizer,5,4,CODE_OF_CONDUCT.md
nickbabcock,darjaa.dentist,0,2,CODE_OF_CONDUCT.md
porech,engarde,90,4,CODE_OF_CONDUCT.md
Wuzado,SARndbox-doc-pl,0,1,CODE_OF_CONDUCT.md
Skerwe,generator-njk-site,1,4,CODE_OF_CONDUCT.md
clairyin,pkg,0,1,jinja/CODE_OF_CONDUCT.md
jchristn,WatsonWebsocket,86,7,CODE_OF_CONDUCT.md
i5m,side,0,1,ei/ani/CODE_OF_CONDUCT.md
takagotch,page63,0,1,CODE_OF_CONDUCT.md
artyomd,GPU-Playground,1,2,CODE_OF_CONDUCT.md
danielpalme,ReportGenerator,1338,28,CODE_OF_CONDUCT.md
Elepover,pmcenter,116,7,CODE_OF_CONDUCT.md
Perkovsky,TimetableOfClasses,0,1,TimetableOfClasses/wwwroot/lib/bootstrap/CODE_OF_CONDUCT.md
Artemka1236,fdfdfd,0,391,docs/_docs/code_of_conduct.md
ZblockTeam,Zblock_prelaunch,1,1,code_of_conduct.md
Gemeente-DenHaag,mijngemeente-gateway,3,4,CODE_OF_CONDUCT.md
googleinterns,differential-fuzzing-2020,3,2,docs/code-of-conduct.md
bitnami,bitnami-docker-odoo,103,14,CODE_OF_CONDUCT.md
mcoll19,ai_economist_403,0,5,CODE_OF_CONDUCT.md
salesforce,policyguru,5,4,CODE_OF_CONDUCT.md
googleinterns,differential-fuzzing-2020,3,2,docs/code-of-conduct.md
Donjuan1223,Los-CMS-y-el-Sitio-Web-Evaluaci-n-Final,0,1,wp-content/plugins/jetpack/CODE-OF-CONDUCT.md
mengtry-coder,wp_sigma_studio,0,1,wp-content/plugins/jetpack/CODE-OF-CONDUCT.md
DavidVilcaO,ecotrash,0,0,wordpress/wp-content/plugins/jetpack/CODE-OF-CONDUCT.md
ylyevgeniy,grandma,0,0,wp-content/plugins/jetpack/CODE-OF-CONDUCT.md
AJTJ,danielJanke,0,1,wp-content/plugins/jetpack/CODE-OF-CONDUCT.md
br3ndonland,inboard,50,2,.github/CODE_OF_CONDUCT.md
TinyToolSH,tnotes,0,1,.github/CODE_OF_CONDUCT.md
Soft-Wet-Bot,heavens-door,0,1,CODE_OF_CONDUCT.md
2392863668,tensorFlow,0,373,CODE_OF_CONDUCT.md
TakezoMiyamoto,diyou,0,1,vendor/bundler/ruby/2.1.0/gems/devise-4.1.1/CODE_OF_CONDUCT.md
saeedbaloch,baharan,1,1,translations/ja-JP/content/communities/setting-up-your-project-for-healthy-contributions/adding-a-code-of-conduct-to-your-project.md
sandlewood1,PowerShell,0,315,CODE_OF_CONDUCT.md
PHYTEC-Messtechnik-GmbH,sdk-zephyr,0,396,CODE_OF_CONDUCT.md
nourhene15,pi,0,1,Lite/vendor/symfony/symfony/CODE_OF_CONDUCT.md
serverlessworkflow,workflow-diagram-service,3,3,code-of-conduct.md
jopdE6vovgedsahzux,github,1,1,CODE_OF_CONDUCT.md
SFDC-Assets,Case-Team-Utilities,0,0,CODE_OF_CONDUCT.md
vmware-archive,clarity-seed,107,7,CODE_OF_CONDUCT.md
wdykas,mlperf-nvidia,0,1,benchmarks/minigo/implementations/tensorflow/minigo/CODE_OF_CONDUCT.md
paxtonjung,tensorflow,1,366,CODE_OF_CONDUCT.md
d1nosaurrr,Thermometer,0,1,libraries/RTClib-master/code-of-conduct.md
tristan-f-cool,haptics,0,1,screen/screen_haptics/SCREEN_HAPTICS_basic/Adafruit_DRV2605_Library-master/code-of-conduct.md
adafruit,Adafruit_Board_Toolkit,3,3,CODE_OF_CONDUCT.md
y1r,flannel-srv6,5,142,code-of-conduct.md
No767,Exingcn,0,1,CODE_OF_CONDUCT.md
sweetnight19,LS-Strategist,1,2,CODE_OF_CONDUCT.md
vladgh,ansible-role-logs,0,1,.github/CODE_OF_CONDUCT.md
foognostic,advent-of-code-2020,1,1,CODE_OF_CONDUCT.md
ropensci,treestartr,7,2,CODE_OF_CONDUCT.md
distributeaid,donorbox-campaign-scraper,1,3,CODE_OF_CONDUCT.md
baluiitk,sample-dotnetcore,0,1,CODE_OF_CONDUCT.md
tanuj223,my-static-web-app,0,2,CODE_OF_CONDUCT.md
rom-rb,rom-http,68,10,CODE_OF_CONDUCT.md
Keyansn,FYP,0,2,VRTK-master/CODE_OF_CONDUCT.md
pecansdik,libary,0,361,CODE-OF-CONDUCT.md
brainhackorg,global2020,8,14,content/code-of-conduct/code-of-conduct.md
ethjs,ethjs-signer,27,2,CODE_OF_CONDUCT.md
jackfire78,WebNotes-Activity,0,1,Web Notes/vendor/phpunit/phpunit/.github/CODE_OF_CONDUCT.md
wilokecom,wilokephpunit,0,1,vendor/phpunit/phpunit/.github/CODE_OF_CONDUCT.md
benmoumene,laravel-6-full-project,0,1,vendor/phpunit/phpunit/.github/CODE_OF_CONDUCT.md
phdafoe,CIGitHubActions,0,1,vendor/bundle/ruby/2.6.0/gems/nanaimo-0.3.0/CODE_OF_CONDUCT.md
phdafoe,CIGitHubActions,0,1,vendor/bundle/ruby/3.0.0/gems/nanaimo-0.3.0/CODE_OF_CONDUCT.md
justForLu,dxswm,0,1,vendor/phpunit/phpunit/.github/CODE_OF_CONDUCT.md
justForLu,dxswm,0,1,vendor/php-amqplib/php-amqplib/.github/CODE_OF_CONDUCT.md
spencermensah,CruiseGang,0,1,CODE_OF_CONDUCT.md
ariclinis,balance-insta,2,1,vendor/phpunit/phpunit/CODE_OF_CONDUCT.md
TranMinhTam1899,Do_an_Web_thuong_mai,0,3,vendor/phpunit/phpunit/.github/CODE_OF_CONDUCT.md
xiaoxiaadmin123,1910phpa,0,1,vendor/phpunit/phpunit/.github/CODE_OF_CONDUCT.md
jsamuel23,Samuelwp,0,1,wp-content/plugins/backwpup/vendor/rackspace/php-opencloud/CODE_OF_CONDUCT.md
nishikawa1031,bar_exam_app,0,1,vendor/bundle/ruby/2.4.0/gems/fog-rackspace-0.1.6/CODE_OF_CONDUCT.md
nishikawa1031,bar_exam_app,0,1,vendor/bundle/ruby/2.4.0/gems/fog-openstack-0.3.10/CODE_OF_CONDUCT.md
czoner3,Reto3,1,4,vendor/phpunit/phpunit/.github/CODE_OF_CONDUCT.md
tianhudaypison,sim.produksi,0,1,vendor/phpunit/phpunit/.github/CODE_OF_CONDUCT.md
eliisevisk,WPKOOL,0,0,wp-content/plugins/backwpup/vendor/rackspace/php-opencloud/CODE_OF_CONDUCT.md
papata1,Rict_2018_Nodata,0,1,vendor/phpunit/phpunit/CODE_OF_CONDUCT.md
vendasta,sso-php-sdk,2,2,vendor/phpunit/phpunit/.github/CODE_OF_CONDUCT.md
aghabekyan101214,test-task-tco,0,1,vendor/phpunit/phpunit/.github/CODE_OF_CONDUCT.md
atomicbombvendor,LearnPHPHardWay,0,1,FangBeisourceCodeLatest/c25/vendor/phpunit/phpunit/CODE_OF_CONDUCT.md
EngSharifNaim,tasheed,0,1,vendor/phpunit/phpunit/.github/CODE_OF_CONDUCT.md
KMacha,financebot,0,1,vendor/phpunit/phpunit/.github/CODE_OF_CONDUCT.md
erfolen,laravel-blog,0,1,vendor/phpunit/phpunit/.github/CODE_OF_CONDUCT.md
Javril,panzia-laravel,0,1,vendor/phpunit/phpunit/CODE_OF_CONDUCT.md
MikeMaximenko,Drupal-modules,0,1,vendor/phpunit/phpunit/CODE_OF_CONDUCT.md
qixinjiazhuang,-,0,2,ThinkPHP/Library/Vendor/sms/api_sdk/vendor/phpunit/phpunit/CODE_OF_CONDUCT.md
qixinjiazhuang,-,0,2,ThinkPHP/Library/Vendor/sms/msg_sdk/vendor/phpunit/phpunit/CODE_OF_CONDUCT.md
Pir0508,Projet-WEB---Images,0,1,vendor/phpunit/phpunit/.github/CODE_OF_CONDUCT.md
budacom,etherlite,2,1,CODE_OF_CONDUCT.md
Vinit45,IARS_system,0,1,vendor/phpunit/phpunit/.github/CODE_OF_CONDUCT.md
Menghongli,emu,0,1,CODE_OF_CONDUCT.md
roymanoj,yoyo,0,1,vendor/phpunit/phpunit/.github/CODE_OF_CONDUCT.md
php4dev,heroku-wordpress,39,2,wp-content/plugins/backwpup/vendor/rackspace/php-opencloud/CODE_OF_CONDUCT.md
bhuvaneswaribabu,api,0,0,vendor/phpunit/phpunit/.github/CODE_OF_CONDUCT.md
danairwanda,simple-blog-laravel,1,0,vendor/phpunit/phpunit/CODE_OF_CONDUCT.md
lordtyuk,tracker,0,1,vendor/phpunit/phpunit/CODE_OF_CONDUCT.md
Bishnupkl,API,0,1,vendor/phpunit/phpunit/.github/CODE_OF_CONDUCT.md
sanye4639,books,1,1,vendor/phpunit/phpunit/.github/CODE_OF_CONDUCT.md
bmurphCRM,Naloxone-Inventory-Tracking-System,0,1,CODE_OF_CONDUCT.md
mocchicc,manage1on1,0,0,vendor/bundle/ruby/2.4.0/gems/devise-4.3.0/CODE_OF_CONDUCT.md
pytorch,serve,1826,57,CODE_OF_CONDUCT.md
devarajun,CTSM-DOM,0,31,CODE_OF_CONDUCT.md
heiheiya,myTF,0,371,CODE_OF_CONDUCT.md
miglopst,cs263_spring2018,12,362,CODE_OF_CONDUCT.md
Dfghhj,dfghhj.github.io,1,1,blog/themes/next/.github/CODE_OF_CONDUCT.md
salesforceiq-oss,positioner,1,4,CODE_OF_CONDUCT.md
LiarPrincess,Wroclive-server,0,1,Code of Conduct.md
jimangel,k8s-site-test,0,1,content/en/community/code-of-conduct.md
wangbo126,k3s,0,105,CODE_OF_CONDUCT.md
DARA-Project,Dara-Etcd,0,397,code-of-conduct.md
pa11y,pa11y.github.io,7,16,contributing/code-of-conduct.md
EstebanDuque123,conceptos-informatica,0,1,vendor/google/auth/CODE_OF_CONDUCT.md
talento-mobile,android-jira-integration,0,1,vendor/bundle/ruby/2.6.0/gems/google-cloud-core-1.5.0/CODE_OF_CONDUCT.md
talento-mobile,android-jira-integration,0,1,vendor/bundle/ruby/2.6.0/gems/google-cloud-env-1.3.1/CODE_OF_CONDUCT.md
talento-mobile,android-jira-integration,0,1,vendor/bundle/ruby/2.6.0/gems/google-cloud-storage-1.26.0/CODE_OF_CONDUCT.md
talento-mobile,android-jira-integration,0,1,vendor/bundle/ruby/2.6.0/gems/google-cloud-errors-1.0.0/CODE_OF_CONDUCT.md
talento-mobile,android-jira-integration,0,1,vendor/bundle/ruby/2.6.0/gems/google-api-client-0.36.4/CODE_OF_CONDUCT.md
talento-mobile,android-jira-integration,0,1,vendor/bundle/ruby/2.6.0/gems/googleauth-0.12.0/CODE_OF_CONDUCT.md
youssef-ashraf,SW2,0,2,laravel/vendor/league/commonmark/CODE_OF_CONDUCT.md
marfino3028,kultum,0,1,vendor/league/commonmark/CODE_OF_CONDUCT.md
GoogleCloudPlatform,inline-fixtures,2,5,CODE_OF_CONDUCT.md
chemconx,chemistryconnection.com,0,1,vendor/google/auth/CODE_OF_CONDUCT.md
alokKumarSingh89,angular-firebase-sail,0,1,CODE_OF_CONDUCT.md
YengTsan,forum,1,1,vendor/bundle/ruby/2.2.0/gems/devise-4.0.3/CODE_OF_CONDUCT.md
salesforce,refocus-real-time,1,5,CODE_OF_CONDUCT.md
salesforce,bazel-maven-proxy,16,3,CODE_OF_CONDUCT.md
salesforce,design-system-react,713,137,CODE_OF_CONDUCT.md
jcamarenaRPPC,rppc-WEB,0,1,CODE_OF_CONDUCT.md
mjsaijem09,Zen-Website,0,1,vendor/league/commonmark/CODE_OF_CONDUCT.md
abisarirayndra,ProyekAkhir,0,1,vendor/league/commonmark/CODE_OF_CONDUCT.md
scopeweb,scopeweb,0,2,vendor/league/climate/CODE_OF_CONDUCT.md
ekadeddy,sip,0,1,application/vendor/google/auth/CODE_OF_CONDUCT.md
wa6c6,CS5551-Labs,0,2,lab_7/Source/lab-7/www/lib/ngCordova/CODE_OF_CONDUCT.md
wa6c6,CS5551-Labs,0,2,lab_5/Source/lab-5/www/lib/ngCordova/CODE_OF_CONDUCT.md
ruggedy,yfmdeap-2.0,0,1,www/lib/angular-ui-bootstrap/CODE_OF_CONDUCT.md
snd,stft,20,3,CODE_OF_CONDUCT.md
shiyuli,tensorflow,0,0,CODE_OF_CONDUCT.md
LambdaYH,leetcode,0,1,themes/next/.github/CODE_OF_CONDUCT.md
Sara-HY,Blog,3,1,themes/next/.github/CODE_OF_CONDUCT.md
matthewhudson,.github,0,1,CODE_OF_CONDUCT.md
lvtk12HaUI,SLLDT-Laravel,0,1,vendor/league/flysystem/CODE_OF_CONDUCT.md
Tomas-Juri,gatsby-starter-netlify-cms,0,48,CODE_OF_CONDUCT.md
kyobero,tina4-cms,0,1,vendor/tina4stack/tina4php/CODE_OF_CONDUCT.md
mwahyudimw,cms-blog,0,1,vendor/league/flysystem/CODE_OF_CONDUCT.md
mwahyudimw,cms-blog,0,1,vendor/composer/composer/CODE_OF_CONDUCT.md
ravisharmainfowind,react-laravel-backend,0,1,vendor/league/flysystem/CODE_OF_CONDUCT.md
SakethRudraraju,notion-trashman,0,1,CODE_OF_CONDUCT.md
YokotaMisaki,Test_Blog,0,1,node_modules 0.28.19/sockjs-client/CODE_OF_CONDUCT.md
vadimk7,event-source,0,1,CODE_OF_CONDUCT.md
taylor-harry,dev_web,0,48,CODE_OF_CONDUCT.md
jamessnguyenn,Personal-Portfolio,0,15,CODE_OF_CONDUCT.md
AlexandruMares,datocms-virtual-event-starter-kit-demo-7793,0,1,CODE_OF_CONDUCT.md
paulora2405,discord_bot,0,1,CODE_OF_CONDUCT.md
jchristn,LiteGraph,0,1,CODE_OF_CONDUCT.md
z20628w,todo,0,1, -- /swiper-5.2.1/CODE_OF_CONDUCT.md
Hung212,Nhom03-Laravel,0,1,DATN_BABY/vendor/league/flysystem/CODE_OF_CONDUCT.md
teg1c,weibo-hot-crawler,2,1,vendor/league/flysystem/CODE_OF_CONDUCT.md
tamanyan,gatsby-starter-netlify-cms,0,47,CODE_OF_CONDUCT.md
ziko1,gatsby-starter-netlify-cms,0,47,CODE_OF_CONDUCT.md
hklages,node-red-contrib-sonos-events,0,1,CODE_OF_CONDUCT.md
hussi786,night.store,0,48,CODE_OF_CONDUCT.md
nthdevops,DSWA5,0,1,dswa5-09-ac-pt3002161/public/vendor/bootstrap/CODE_OF_CONDUCT.md
nthdevops,DSWA5,0,1,SELF - Abstratacao do codigo/abstracao-mean/public/vendor/bootstrap/CODE_OF_CONDUCT.md
nthdevops,DSWA5,0,1,Aula8_Backend_Manipular_ContatosCursos/public/vendor/bootstrap/CODE_OF_CONDUCT.md
nthdevops,DSWA5,0,1,Aula6_AngularENodeFrontEBack/public/vendor/bootstrap/CODE_OF_CONDUCT.md
nthdevops,DSWA5,0,1,Aula10_Integracao_MongoDB/public/vendor/bootstrap/CODE_OF_CONDUCT.md
nthdevops,DSWA5,0,1,Aula9_Backend_Novos_ContatosCursos/public/vendor/bootstrap/CODE_OF_CONDUCT.md
nthdevops,DSWA5,0,1,Aula4_AngularJS/public/vendor/bootstrap/CODE_OF_CONDUCT.md
elberdaoui,portfolio,1,1,vendor/league/flysystem/CODE_OF_CONDUCT.md
muhammadainul,webadmin,0,1,public/vendors/bootstrap/CODE_OF_CONDUCT.md
WalidSharaf,VisionERPSystem,0,1,CODE_OF_CONDUCT.md
